Keyword,Position,Previous position,Search Volume,Keyword Difficulty,CPC,URL,Traffic,Traffic (%),Traffic Cost,Competition,Number of Results,Trends,Timestamp,SERP Features by Keyword,Keyword Intents,Position Type
projector screen length,1,1,170,26,0.74,https://meetingtomorrow.com/blog/how-to-choose-a-projector-screen/,14,16.66,10,0.54,68000000,"65,53,65,80,65,65,65,53,65,53,53,53",2025-08-30,"Image pack, Sitelinks, Video, People also ask, Popular products, Related searches, AI overview",informational,Image pack
laptop at rent,8,8,390,13,1.31,https://meetingtomorrow.com/toronto/computer-rentals/,9,10.71,11,0.22,751000000,"28,35,35,35,66,81,81,54,81,100,81,44",2025-09-07,"Local pack, Image pack, Sitelinks, Image, Related searches, AI overview",informational,Organic
toronto audio visual rentals,3,3,110,13,1.83,https://meetingtomorrow.com/toronto/audio-visual-rentals/,9,10.71,16,0.25,1010000,"41,41,52,41,41,41,41,52,100,82,100,82",2025-10-21,"Knowledge panel, Image pack, Sitelinks, Video, Image, Ads bottom, People also ask, Related searches",navigational,Organic
amp and mixer,1,1,140,15,0.33,https://meetingtomorrow.com/blog/av-basics-mixers-and-amplifiers/,9,10.71,2,1,20800000,"82,82,64,64,82,82,82,82,82,64,64,64",2025-09-04,"Image pack, Sitelinks, Video, Image, People also ask, Popular products, Related searches","commercial, informational",People also ask
pipe and drape,3,3,590,23,1.07,https://meetingtomorrow.com/blog/alternatives-to-pipe-and-drape/,7,8.33,7,1,3140000,"59,59,48,32,59,48,72,59,59,48,59,48",2025-10-11,"Image pack, Sitelinks, Video, Image, Ads bottom, People also ask, Popular products, Related searches, Ads middle","informational, transactional",People also ask
audio mixer amplifier,1,1,140,18,0.33,https://meetingtomorrow.com/blog/av-basics-mixers-and-amplifiers/,5,5.95,1,1,15000000,"66,66,52,52,66,66,66,66,66,52,52,52",2025-09-04,"Image pack, Video, Image, People also ask, Popular products, Related searches, Discussions and forums","informational, transactional",People also ask
computer on rent,8,8,170,10,1.5,https://meetingtomorrow.com/ottawa/computer-rentals/,4,4.76,6,0.3,811000000,"53,65,80,53,65,65,80,80,100,80,65,53",2025-08-27,"Local pack, Image pack, Sitelinks, Video, Related searches, AI overview",informational,Organic
av companies near me,2,2,50,47,3.14,https://meetingtomorrow.com/ottawa/audio-visual-rentals/,4,4.76,12,0.49,516000000,"35,50,35,28,28,35,28,28,50,50,28,64",2025-08-19,"Local pack, Sitelinks, Related searches",transactional,Organic
standard size screen,1,1,170,53,0,https://meetingtomorrow.com/blog/how-to-choose-a-projector-screen/,3,3.57,0,0,821000000,"4,100,66,100,4,100,8,4,4,4,4,4",2025-09-12,"Image pack, Sitelinks, Video, Image, People also ask, Related searches, AI overview",informational,Image pack
tv rental,7,7,140,8,0.66,https://meetingtomorrow.com/toronto/monitor-rentals/,3,3.57,1,0.08,1480000000,"5,4,4,4,4,8,10,10,5,8,5,36",2025-09-11,"Local pack, People also ask, Related searches, AI overview",commercial,Organic
rent a mac computer,4,4,70,16,1.5,https://meetingtomorrow.com/mac-apple-rentals/,2,2.38,3,0.13,17300000,"34,26,0,0,53,65,80,7,42,7,7,7",2025-09-05,"Local pack, Image pack, Sitelinks, People also ask, Related searches",informational,Organic
av rentals toronto,8,11,110,11,1.83,https://meetingtomorrow.com/toronto/audio-visual-rentals/,2,2.38,3,0.25,10,"52,64,64,52,41,41,41,52,100,100,82,82",2025-11-09,"Knowledge panel, Image pack, Sitelinks, Video, Image, People also ask, Related searches",informational,Organic
laptop rental toronto,5,5,110,18,1.44,https://meetingtomorrow.com/toronto/computer-rentals/,2,2.38,2,0.32,9480000,"52,64,64,52,64,52,82,41,82,100,82,64",2025-09-11,"Local pack, Sitelinks, Related searches",transactional,Organic
calgary av rentals,4,4,70,26,3.41,https://meetingtomorrow.com/calgary/audio-visual-rentals/,2,2.38,6,0.2,231000,"2,5,9,100,2,2,0,0,0,0,0,0",2025-08-30,"Local pack, Image pack, Sitelinks, Video, Image, Related searches",commercial,Organic
audio visual rentals toronto,7,7,70,26,2.89,https://meetingtomorrow.com/toronto/audio-visual-rentals/,2,2.38,5,0.16,294000,"77,77,100,100,100,100,77,77,77,100,33,44",2025-08-20,"Knowledge panel, Sitelinks, People also ask, Related searches",informational,Organic
stereo mixer,1,1,70,15,0,https://meetingtomorrow.com/blog/av-basics-mixers-and-amplifiers/,2,2.38,0,0.43,311000000,"17,29,17,11,17,29,41,64,64,52,41,29",2025-08-31,"Image pack, Sitelinks, Video, Image, People also ask, Popular products, Related searches","informational, transactional",People also ask
av company calgary,8,8,50,26,4.96,https://meetingtomorrow.com/calgary/audio-visual-rentals/,1,1.19,4,0.5,2320000,"10,53,10,10,10,10,17,12,10,10,10,12",2025-08-30,"Local pack, Image pack, Image, Related searches",commercial,Organic
laptop at rent,19,19,390,13,1.31,https://meetingtomorrow.com/montreal/computer-rentals/,1,1.19,1,0.22,751000000,"28,35,35,35,66,81,81,54,81,100,81,44",2025-09-07,"Local pack, Image pack, Sitelinks, Image, Related searches, AI overview",informational,Organic
ottawa av,16,16,260,39,0,https://meetingtomorrow.com/ottawa/audio-visual-rentals/,1,1.19,0,0.07,8880000,"100,81,81,66,54,35,35,8,4,81,29,100",2025-08-31,"Image pack, Image, Related searches, AI overview","commercial, informational",Organic
oakland av,3,3,70,21,0,https://meetingtomorrow.com/oakland/audio-visual-rentals/,1,1.19,0,0.08,4950000,"0,0,0,0,18,0,0,100,0,0,0,0",2025-08-25,"Knowledge panel, Image pack, Sitelinks, Video, Image, Related searches",transactional,Organic
meeting chairperson,1,1,140,18,0,https://meetingtomorrow.com/blog/how-to-chair-a-successful-meeting/,1,1.19,0,0,536000000,"80,66,100,80,80,66,80,80,100,9,9,9",2025-08-23,"Image pack, Sitelinks, Video, People also ask, Related searches, AI overview",informational,Image pack
rent a macbook,10,10,70,9,1.22,https://meetingtomorrow.com/calgary/computer-rentals/,0,0,0,0.16,44300000,"6,6,9,12,6,6,9,43,12,43,53,21",2025-08-19,"Local pack, Image pack, Sitelinks, Video, Image, People also ask, Related searches",informational,Organic
rent a macbook,23,23,70,9,1.22,https://meetingtomorrow.com/montreal/computer-rentals/,0,0,0,0.16,44300000,"6,6,9,12,6,6,9,43,12,43,53,21",2025-08-19,"Local pack, Image pack, Sitelinks, Video, Image, People also ask, Related searches",informational,Organic
event companies in vancouver,51,51,70,41,1.76,https://meetingtomorrow.com/vancouver/event-productions/,0,0,0,0.46,35300000,"2,0,2,2,100,7,5,5,82,0,0,0",2025-08-24,"Local pack, Related searches",commercial,Organic
hp laptop rental,8,8,70,17,0,https://meetingtomorrow.com/laptop-computer-rentals/hp/,0,0,0,0,13600000,"14,0,14,0,0,78,78,78,78,100,100,64",2025-09-02,"Local pack, Image pack, Video, People also ask, Related searches, AI overview","informational, transactional",Organic
hp laptop rental,58,58,70,17,0,https://meetingtomorrow.com/ottawa/computer-rentals/,0,0,0,0,13600000,"14,0,14,0,0,78,78,78,78,100,100,64",2025-09-02,"Local pack, Image pack, Video, People also ask, Related searches, AI overview","informational, transactional",Organic
led wall rental price,85,85,50,3,0,https://meetingtomorrow.com/vancouver/monitor-rentals/,0,0,0,0,46800000,"14,14,14,14,14,0,50,78,100,64,50,35",2025-08-23,"Image pack, Video, Image, People also ask, Popular products, Related searches",transactional,Organic
led wall rental price,93,93,50,3,0,https://meetingtomorrow.com/montreal/monitor-rentals/,0,0,0,0,46800000,"14,14,14,14,14,0,50,78,100,64,50,35",2025-08-23,"Image pack, Video, Image, People also ask, Popular products, Related searches",transactional,Organic
how to connect laptop into tv,51,51,480,50,0,https://meetingtomorrow.com/blog/how-to-connect-a-laptop-to-a-tv/,0,0,0,0.01,169000000,"100,100,100,100,100,100,100,81,100,81,81,54",2025-09-07,"Video, Related searches, AI overview",informational,Organic
minutes taken,48,48,210,30,2.47,https://meetingtomorrow.com/blog/how-to-prepare-minutes-for-a-meeting/,0,0,0,0.22,1500000000,"65,65,100,100,80,42,100,80,65,80,65,53",2025-08-28,"Image pack, Sitelinks, Video, People also ask, Related searches",informational,Organic
av company calgary,48,48,50,26,4.96,https://meetingtomorrow.com/calgary/event-productions/,0,0,0,0.5,2320000,"10,53,10,10,10,10,17,12,10,10,10,12",2025-08-30,"Local pack, Image pack, Image, Related searches",commercial,Organic
meaning of webcast,32,32,110,37,0,https://meetingtomorrow.com/blog/webcast-vs-webinar/,0,0,0,0,3110000,"2,2,2,2,2,2,2,2,100,2,2,2",2025-08-18,"Instant answer, Video, People also ask, Related searches",informational,Organic
rent laptop,18,18,140,22,1.31,https://meetingtomorrow.com/montreal/computer-rentals/,0,0,0,0.22,608000000,"23,53,35,17,82,23,53,17,17,12,66,43",2025-08-24,"Local pack, Image pack, Sitelinks, Image, People also ask, Related searches","informational, transactional",Organic
rent laptop,30,30,140,22,1.31,https://meetingtomorrow.com/ottawa/computer-rentals/,0,0,0,0.22,608000000,"23,53,35,17,82,23,53,17,17,12,66,43",2025-08-24,"Local pack, Image pack, Sitelinks, Image, People also ask, Related searches","informational, transactional",Organic
rent laptop,98,98,140,22,1.31,https://meetingtomorrow.com/ottawa/computer-rentals/,0,0,0,0.22,608000000,"23,53,35,17,82,23,53,17,17,12,66,43",2025-08-24,"Local pack, Image pack, Sitelinks, Image, People also ask, Related searches","informational, transactional",Image pack
how to monitor laptop temperature,30,30,110,55,0,https://meetingtomorrow.com/blog/how-can-i-monitor-my-laptop-temperature/,0,0,0,0,59100000,"66,66,52,42,42,66,52,33,52,52,52,52",2025-09-09,"Image pack, Sitelinks, Video, People also ask, Related searches, Discussions and forums, AI overview",informational,Organic
stream computer to tv,2,0,140,46,0.43,https://meetingtomorrow.com/blog/how-to-connect-a-laptop-to-a-tv/,0,0,0,0.1,10,"80,66,66,80,100,80,66,66,66,66,42,52",2025-11-09,"Image pack, Sitelinks, Video, Video Carousel, People also ask, Related searches, AI overview",informational,People also ask
when were laptop computers invented,20,20,90,69,0,https://meetingtomorrow.com/blog/who-invented-the-laptop-computer/,0,0,0,0,7170000,"35,50,64,64,50,64,64,50,50,78,100,78",2025-09-07,"Sitelinks, Video, Featured snippet, People also ask, Related searches",informational,Organic
how to make conference call,80,80,50,22,0,https://meetingtomorrow.com/blog/how-to-make-a-conference-call/,0,0,0,0.01,1050000000,"35,50,35,50,14,50,50,35,50,50,14,14",2025-09-04,"Video, Related searches, Discussions and forums, AI overview",informational,Organic
macbook hire,54,54,110,11,0,https://meetingtomorrow.com/montreal/computer-rentals/,0,0,0,0.01,135000000,"53,53,65,53,34,34,53,34,42,53,42,42",2025-08-28,"Image pack, Video, People also ask, Related searches",informational,Organic
macbook hire,65,65,110,11,0,https://meetingtomorrow.com/calgary/computer-rentals/,0,0,0,0.01,135000000,"53,53,65,53,34,34,53,34,42,53,42,42",2025-08-28,"Image pack, Video, People also ask, Related searches",informational,Organic
monitor rental,63,63,50,8,1.59,https://meetingtomorrow.com/monitor-rentals/plasma-tv-lcd-screen/,0,0,0,0.15,10,"14,21,14,21,14,14,78,100,78,14,35,35",2025-11-08,"Local pack, Sitelinks, Image, Related searches",commercial,Organic
monitor rental,76,76,50,8,1.59,https://meetingtomorrow.com/fresno/monitor-rentals/,0,0,0,0.15,10,"14,21,14,21,14,14,78,100,78,14,35,35",2025-11-08,"Local pack, Sitelinks, Image, Related searches",commercial,Organic
trade display ideas,41,41,140,36,3.01,https://meetingtomorrow.com/blog/cool-tech-ideas-for-trade-shows/,0,0,0,1,138000000,"53,53,53,65,53,34,53,53,53,53,34,34",2025-09-04,"Image pack, Sitelinks, Video, Image, Video Carousel, People also ask, Related searches, Discussions and forums, AI overview",informational,Organic
mac rental,37,37,50,14,1.22,https://meetingtomorrow.com/mac-apple-rentals/,0,0,0,0.16,237000000,"29,5,0,0,41,5,11,11,17,82,100,64",2025-09-01,"Knowledge panel, Image pack, Sitelinks, Related searches","informational, transactional",Organic
mac rental,44,44,50,14,1.22,https://meetingtomorrow.com/montreal/computer-rentals/,0,0,0,0.16,237000000,"29,5,0,0,41,5,11,11,17,82,100,64",2025-09-01,"Knowledge panel, Image pack, Sitelinks, Related searches","informational, transactional",Organic
computer to tv hookup,73,73,50,46,0,https://meetingtomorrow.com/blog/how-to-connect-a-laptop-to-a-tv/,0,0,0,0.21,13200000,"45,63,63,18,18,100,100,18,100,18,18,18",2025-08-21,"Image pack, Sitelinks, Video, People also ask, Related searches, AI overview",informational,Organic
audio visual equipment rental,24,24,140,36,1.81,https://meetingtomorrow.com/ottawa/audio-visual-rentals/,0,0,0,0.19,23900000,"22,18,43,35,29,22,43,35,29,29,4,29",2025-09-04,"Local pack, Image pack, Sitelinks, Video, Image, Related searches",commercial,Organic
audio visual equipment rental,47,47,140,36,1.81,https://meetingtomorrow.com/toronto/audio-visual-rentals/,0,0,0,0.19,23900000,"22,18,43,35,29,22,43,35,29,29,4,29",2025-09-04,"Local pack, Image pack, Sitelinks, Video, Image, Related searches",commercial,Organic
vancouver av,21,21,70,39,3.96,https://meetingtomorrow.com/vancouver/audio-visual-rentals/,0,0,0,0.31,22400000,"78,50,14,50,14,50,50,78,100,78,50,14",2025-09-05,"Local pack, Image pack, Sitelinks, Related searches",commercial,Organic
vancouver av,45,45,70,39,3.96,https://meetingtomorrow.com/vancouver/event-productions/,0,0,0,0.31,22400000,"78,50,14,50,14,50,50,78,100,78,50,14",2025-09-05,"Local pack, Image pack, Sitelinks, Related searches",commercial,Organic
led versus lcd computer monitor,86,86,90,30,0,https://meetingtomorrow.com/blog/led-vs-lcd-video-wall/,0,0,0,0.04,76800000,"7,7,7,7,7,7,7,53,100,80,53,65",2025-09-02,"Sitelinks, Video, People also ask, Related searches, Discussions and forums, AI overview",commercial,Organic
projector projection,87,87,480,62,0.44,https://meetingtomorrow.com/blog/how-to-choose-a-projector-screen/,0,0,0,1,28600000,"48,26,39,32,2,72,100,26,59,88,88,39",2025-09-03,"Local pack, Image pack, Sitelinks, Video, Image, People also ask, Popular products, Related searches","informational, transactional",Organic
prod event,83,83,50,20,0,https://meetingtomorrow.com/montreal/event-productions/,0,0,0,0,4380000000,"52,66,42,33,33,42,42,0,0,0,9,0",2025-08-29,"Image pack, People also ask","commercial, informational",Organic
cinema screen size,65,65,50,15,0,https://meetingtomorrow.com/blog/how-to-choose-a-projector-screen/,0,0,0,0,267000000,"33,33,33,9,9,52,52,9,9,9,9,9",2025-09-02,"Image pack, Sitelinks, Video, Image, Related searches, AI overview",informational,Organic
how do you make a conference call,74,74,50,28,0,https://meetingtomorrow.com/blog/how-to-make-a-conference-call/,0,0,0,0.01,910000000,"55,77,77,77,77,77,77,22,77,77,22,22",2025-09-01,"Image pack, Video, Related searches, AI overview",informational,Organic
connect pc and tv,49,49,70,34,0,https://meetingtomorrow.com/blog/how-to-connect-a-laptop-to-a-tv/,0,0,0,0.15,407000000,"100,77,77,77,77,100,77,77,77,77,77,22",2025-09-09,"Sitelinks, Video, People also ask, Related searches, AI overview",informational,Organic
feedback in microphone,30,30,50,23,0,https://meetingtomorrow.com/blog/prevent-microphone-feedback/,0,0,0,0.02,352000000,"45,63,45,0,63,63,63,18,100,100,18,18",2025-08-18,"Sitelinks, Video, Featured snippet, People also ask, Related searches, Discussions and forums",informational,Organic
audio visual companies toronto,23,23,170,50,3.74,https://meetingtomorrow.com/toronto/audio-visual-rentals/,0,0,0,0.22,13400000,"66,100,66,80,66,66,66,66,100,80,66,52",2025-08-23,"Local pack, Sitelinks, Image, Related searches",commercial,Organic
how to create conference call,75,75,50,32,0,https://meetingtomorrow.com/blog/how-to-make-a-conference-call/,0,0,0,0.01,484000000,"0,28,100,100,71,100,100,100,100,100,28,28",2025-08-23,"Video, Related searches, AI overview",informational,Organic
how to send a meeting notice in outlook,60,60,140,40,0,https://meetingtomorrow.com/blog/how-to-send-an-outlook-meeting-notice/,0,0,0,0,10900000,"0,82,82,82,82,52,100,82,82,82,82,82",2025-08-15,"Video, Related searches, Discussions and forums, AI overview",informational,Organic
laptop computer lease,13,13,50,28,1.22,https://meetingtomorrow.com/laptop-computer-lease/,0,0,0,0.8,216000000,"9,0,100,100,18,63,100,63,63,63,63,18",2025-08-15,"Local pack, Image pack, Image, People also ask, Related searches",commercial,Organic
laptop computer lease,26,26,50,28,1.22,https://meetingtomorrow.com/ottawa/computer-rentals/,0,0,0,0.8,216000000,"9,0,100,100,18,63,100,63,63,63,63,18",2025-08-15,"Local pack, Image pack, Image, People also ask, Related searches",commercial,Organic
laptop computer lease,91,91,50,28,1.22,https://meetingtomorrow.com/laptop-computer-lease/,0,0,0,0.8,216000000,"9,0,100,100,18,63,100,63,63,63,63,18",2025-08-15,"Local pack, Image pack, Image, People also ask, Related searches",commercial,Image pack
how to connect laptop to the projector,19,19,90,30,0,https://meetingtomorrow.com/blog/how-to-connect-a-laptop-to-a-projector/,0,0,0,0.01,32400000,"26,100,15,7,100,7,7,7,7,42,42,42",2025-08-16,"Image pack, Video, Featured snippet, People also ask, Related searches, Discussions and forums",informational,Organic
how to connect laptop to the projector,97,97,90,30,0,https://meetingtomorrow.com/blog/how-to-connect-a-laptop-to-a-projector/,0,0,0,0.01,32400000,"26,100,15,7,100,7,7,7,7,42,42,42",2025-08-16,"Image pack, Video, Featured snippet, People also ask, Related searches, Discussions and forums",informational,Image pack
what is an audiovisual,50,50,140,40,0,https://meetingtomorrow.com/blog/audiovisual-glossary/,0,0,0,0,26200000,"66,66,66,66,66,66,80,66,66,66,66,66",2025-09-03,"Instant answer, Knowledge panel, Video, Video Carousel, People also ask, Related searches, AI overview",informational,Organic
what is the tablet pc,19,19,140,41,0,https://meetingtomorrow.com/blog/understanding-tablet-pcs/,0,0,0,0.03,1090000000,"52,52,66,66,66,100,66,66,80,66,80,66",2025-09-01,"Instant answer, Knowledge panel, Sitelinks, Video, Video Carousel, People also ask, Popular products, Related searches, AI overview",informational,Organic
how to connect laptop and projector,21,21,70,22,0,https://meetingtomorrow.com/blog/how-to-connect-a-laptop-to-a-projector/,0,0,0,0.01,42000000,"45,63,63,18,100,18,18,18,18,100,100,100",2025-08-23,"Image pack, Video, Featured snippet, People also ask, Related searches",informational,Organic
led panel rental,87,87,110,15,2.18,https://meetingtomorrow.com/montreal/monitor-rentals/,0,0,0,0.53,38500000,"26,0,42,42,42,34,42,53,53,80,100,53",2025-09-06,"Local pack, Image pack, Sitelinks, Video, Image, Related searches",commercial,Organic
atari 8-bit computers,62,62,70,37,0,https://meetingtomorrow.com/blog/classic-8-bit-computers/,0,0,0,0.02,1800000,"63,63,63,100,100,81,81,0,0,0,81,81",2025-09-06,"Knowledge panel, Sitelinks, Video, People also ask, Popular products, Related searches, Discussions and forums","informational, transactional",Organic
best led screen rental usa,64,64,110,22,0,https://meetingtomorrow.com/monitor-rentals/plasma-tv-lcd-screen/,0,0,0,0,33500000,"28,78,100,100,64,78",2025-08-23,"Local pack, Video, Related searches, Discussions and forums, AI overview",commercial,Organic
how to see temp of laptop,49,49,110,49,0,https://meetingtomorrow.com/blog/how-can-i-monitor-my-laptop-temperature/,0,0,0,0,99200000,"100,100,78,64,64,78,78,64,78,78,78,78",2025-09-05,"Image pack, Sitelinks, Video, Related searches, Discussions and forums, AI overview",informational,Organic
how connect laptop to tv hdmi,51,51,70,44,0,https://meetingtomorrow.com/blog/how-to-connect-a-laptop-to-a-tv/,0,0,0,0.01,30000000,"45,63,63,81,63,81,81,18,81,63,63,81",2025-08-24,"Video, People also ask, Related searches, Discussions and forums, AI overview",informational,Organic
imac rental,15,15,110,4,0,https://meetingtomorrow.com/mac-apple-rentals/imac-desktop/,0,0,0,0,18700000,"9,9,52,52,52,42,80,33,66,66,66,42",2025-09-08,"Image pack, Video, People also ask, Related searches",informational,Organic
imac rental,65,65,110,4,0,https://meetingtomorrow.com/calgary/computer-rentals/,0,0,0,0,18700000,"9,9,52,52,52,42,80,33,66,66,66,42",2025-09-08,"Image pack, Video, People also ask, Related searches",informational,Organic
calgary audio visual,13,13,70,17,3.95,https://meetingtomorrow.com/calgary/audio-visual-rentals/,0,0,0,0.29,5530000,"28,64,50,64,35,50,50,50,50,35,50,50",2025-08-23,"Local pack, Image pack, Video, Image, Related searches",commercial,Organic
tv montréal,71,71,70,59,0,https://meetingtomorrow.com/montreal/monitor-rentals/,0,0,0,0.34,184000000,"6,6,6,81,81,6,6,6,6,6,6,6",2025-09-02,"Image, People also ask, Related searches, See results about","commercial, informational",Organic
connection laptop to tv,77,77,140,46,0,https://meetingtomorrow.com/blog/how-to-connect-a-laptop-to-a-tv/,0,0,0,0.22,388000000,"80,80,80,0,0,100,100,100,80,66,66,66",2025-08-25,"Video, Related searches, AI overview",informational,Organic
how do i make a conference call,60,60,50,26,0,https://meetingtomorrow.com/blog/how-to-make-a-conference-call/,0,0,0,0.01,1270000000,"55,77,77,77,77,77,77,22,77,77,22,22",2025-09-07,"Image pack, Video, Related searches, Discussions and forums, AI overview",informational,Organic
great walk out songs,26,26,110,19,0,https://meetingtomorrow.com/blog/corporate-event-walk-on-songs/,0,0,0,0,560000000,"82,82,82,82,64,52,52,82,64,64,82,100",2025-09-09,"Image pack, Sitelinks, Video, People also ask, Related searches, Discussions and forums, AI overview",informational,Organic
rent a pc,28,28,170,25,1.5,https://meetingtomorrow.com/montreal/computer-rentals/,0,0,0,0.3,315000000,"53,80,100,53,80,80,100,53,80,19,80,34",2025-08-31,"Knowledge panel, Image pack, Sitelinks, Video, People also ask, FAQ, Related searches","informational, transactional",Organic
rent a pc,47,47,170,25,1.5,https://meetingtomorrow.com/computer-rentals/bulk-desktop/,0,0,0,0.3,315000000,"53,80,100,53,80,80,100,53,80,19,80,34",2025-08-31,"Knowledge panel, Image pack, Sitelinks, Video, People also ask, FAQ, Related searches","informational, transactional",Organic
standard minutes,41,41,90,35,0,https://meetingtomorrow.com/blog/how-to-prepare-minutes-for-a-meeting/,0,0,0,0,1470000000,"64,64,78,78,100,50,78,64,64,64,64,64",2025-09-09,"Image pack, Sitelinks, Image, Video Carousel, People also ask, Related searches, AI overview",informational,Organic
iphone rental,52,52,50,2,2,https://meetingtomorrow.com/toronto/ipad-rentals/,0,0,0,0.28,85100000,"55,55,55,55,44,44,55,44,77,77,55,100",2025-08-30,"Image pack, People also ask, Related searches","commercial, informational",Organic
iphone rental,66,66,50,2,2,https://meetingtomorrow.com/montreal/ipad-rentals/,0,0,0,0.28,85100000,"55,55,55,55,44,44,55,44,77,77,55,100",2025-08-30,"Image pack, People also ask, Related searches","commercial, informational",Organic
how to connect projector and laptop,19,19,70,31,0,https://meetingtomorrow.com/blog/how-to-connect-a-laptop-to-a-projector/,0,0,0,0,11400,"45,63,81,100,63,81,81,63,63,63,63,63",2025-09-10,"Image pack, Video, Featured snippet, People also ask, Related searches",informational,Organic
best music for entrance,70,70,50,14,0,https://meetingtomorrow.com/blog/corporate-event-walk-on-songs/,0,0,0,0.01,343000000,"41,41,11,11,11,100,23,11,52,23,11,11",2025-09-03,"Sitelinks, Video, People also ask, Related searches, AI overview",commercial,Organic
laptop at rent,77,77,390,13,1.31,https://meetingtomorrow.com/ottawa/computer-rentals/,0,0,0,0.22,751000000,"28,35,35,35,66,81,81,54,81,100,81,44",2025-09-07,"Local pack, Image pack, Sitelinks, Image, Related searches, AI overview",informational,Image pack
history of computing,54,54,70,70,0,https://meetingtomorrow.com/blog/history-of-computers-and-computing/,0,0,0,0.02,311000000,"17,10,35,23,28,17,28,7,10,10,10,10",2025-08-18,"Image pack, Sitelinks, Video, People also ask, Related searches","commercial, informational",Organic
atari 8 bit computer,73,73,70,40,0,https://meetingtomorrow.com/blog/classic-8-bit-computers/,0,0,0,0.02,4980000,"45,36,63,100,63,81,81,81,81,81,63,45",2025-08-23,"Knowledge panel, Sitelinks, Video, People also ask, Popular products, Related searches","informational, transactional",Organic
direct energy centre events,72,72,50,37,0,https://meetingtomorrow.com/toronto/event-productions/,0,0,0,0.01,265000000,"12,6,15,15,9,65,34,9,21,12,9,9",2025-09-09,"Sitelinks, People also ask, Related searches, AI overview",informational,Organic
rent screen for projector,90,90,50,4,1.1,https://meetingtomorrow.com/projector-rentals/,0,0,0,0.57,7540000,"52,100,19,23,19,19,19,0,0,0,4,0",2025-09-08,"Local pack, Image pack, Image, People also ask, Related searches",informational,Organic
computer terminologies,86,86,90,27,0,https://meetingtomorrow.com/blog/computer-glossary/,0,0,0,0,3430000000,"0,100,78,64,64,50,78,64,64,78,50,78",2025-08-21,"Image pack, Video, People also ask, Related searches, AI overview",informational,Organic
rent a gaming laptop,32,32,70,5,0,https://meetingtomorrow.com/montreal/computer-rentals/,0,0,0,0.05,35500000,"14,100,35,35,28,64,100,35,50,50,64,28",2025-08-22,"Image pack, Sitelinks, Image, People also ask, Related searches, Discussions and forums",commercial,Organic
rent a gaming laptop,46,46,70,5,0,https://meetingtomorrow.com/toronto/computer-rentals/,0,0,0,0.05,35500000,"14,100,35,35,28,64,100,35,50,50,64,28",2025-08-22,"Image pack, Sitelinks, Image, People also ask, Related searches, Discussions and forums",commercial,Organic
laptop rental near me,12,12,110,9,1.27,https://meetingtomorrow.com/ottawa/computer-rentals/,0,0,0,0.5,228000000,"53,42,42,34,53,34,42,34,26,42,53,53",2025-10-23,"Local pack, Sitelinks, People also ask, Related searches",transactional,Organic
laptop connecting to tv,63,63,140,47,0,https://meetingtomorrow.com/blog/how-to-connect-a-laptop-to-a-tv/,0,0,0,0.22,382000000,"80,80,80,0,0,100,80,100,80,66,66,66",2025-08-27,"Image pack, Sitelinks, Video, Related searches, Discussions and forums, AI overview",informational,Organic
ottawa av,97,97,260,39,0,https://meetingtomorrow.com/ottawa/audio-visual-rentals/,0,0,0,0.07,8880000,"100,81,81,66,54,35,35,8,4,81,29,100",2025-08-31,"Image pack, Image, Related searches, AI overview","commercial, informational",Image pack
audio visual services,60,60,90,36,2.28,https://meetingtomorrow.com/calgary/audio-visual-rentals/,0,0,0,0.12,401000000,"14,14,14,14,14,14,18,18,22,22,35,29",2025-09-02,"Local pack, Sitelinks, People also ask, Related searches",commercial,Organic
ipad kiosk mode,63,63,110,19,4.6,https://meetingtomorrow.com/blog/lock-ipad-to-one-app-in-kiosk-mode/,0,0,0,0.5,3990000,"50,78,78,78,64,64,64,78,100,78,78,78",2025-09-03,"Image pack, Sitelinks, Video, Ads bottom, People also ask, Related searches, Ads middle, AI overview",informational,Organic
tablet rental,19,19,50,5,4.94,https://meetingtomorrow.com/tablet-rentals/samsung-galaxy-tab/,0,0,0,0.07,76100000,"50,28,35,50,50,21,28,14,100,14,14,64",2025-08-30,"Local pack, Image pack, Related searches",commercial,Organic
tablet rental,26,26,50,5,4.94,https://meetingtomorrow.com/ottawa/ipad-rentals/,0,0,0,0.07,76100000,"50,28,35,50,50,21,28,14,100,14,14,64",2025-08-30,"Local pack, Image pack, Related searches",commercial,Organic
gaming computer rental,30,30,50,14,0.99,https://meetingtomorrow.com/computer-rentals/bulk-desktop/,0,0,0,0.27,34900000,"33,14,9,42,42,14,19,19,33,9,23,23",2025-11-09,"Local pack, Sitelinks, Video, Image, People also ask, Related searches",informational,Organic
gaming computer rental,82,82,50,14,0.99,https://meetingtomorrow.com/montreal/computer-rentals/,0,0,0,0.27,34900000,"33,14,9,42,42,14,19,19,33,9,23,23",2025-11-09,"Local pack, Sitelinks, Video, Image, People also ask, Related searches",informational,Organic
montreal event companies,19,19,260,23,1.54,https://meetingtomorrow.com/montreal/event-productions/,0,0,0,0.37,94300000,"54,54,43,66,54,66,81,66,54,81,54,29",2025-08-15,"Local pack, Related searches",commercial,Organic
audio visual vancouver,26,26,70,41,6.37,https://meetingtomorrow.com/vancouver/audio-visual-rentals/,0,0,0,0.23,5910000,"1,3,1,3,3,4,7,5,3,1,8,7",2025-10-27,"Local pack, Sitelinks, Image, Ads bottom, Related searches",commercial,Organic
talking in public tips,64,64,260,48,1.26,https://meetingtomorrow.com/blog/public-speaking/,0,0,0,0.06,329000000,"6,5,10,13,13,8,13,10,20,30,20,100",2025-09-05,"Sitelinks, Video, People also ask, Related searches, Discussions and forums, AI overview",informational,Organic
how to find laptop temperature,54,54,110,45,0,https://meetingtomorrow.com/blog/how-can-i-monitor-my-laptop-temperature/,0,0,0,0,111000000,"100,100,78,64,64,100,78,64,78,78,78,78",2025-09-09,"Image pack, Sitelinks, Video, People also ask, Related searches, Discussions and forums, AI overview",informational,Organic
what is a tablet in computer,70,70,110,41,0,https://meetingtomorrow.com/blog/understanding-tablet-pcs/,0,0,0,0.03,1950000000,"52,52,66,52,66,66,52,52,66,52,66,52",2025-08-22,"Knowledge panel, Sitelinks, Video, Related searches, AI overview",informational,Organic
computer term,67,67,110,42,0,https://meetingtomorrow.com/blog/computer-glossary/,0,0,0,0,1610000000,"100,100,78,64,50,50,78,64,78,78,50,78",2025-08-21,"Image pack, Video, People also ask, Related searches",informational,Organic
hybrid events,73,73,50,34,24.01,https://meetingtomorrow.com/toronto/hybrid-event-production/,0,0,0,0.14,444000000,"11,11,11,11,29,17,64,23,64,64,41,64",2025-08-19,"Sitelinks, Video, Related searches, AI overview",informational,Organic
how to attach laptop to tv with hdmi,69,69,70,46,0,https://meetingtomorrow.com/blog/how-to-connect-a-laptop-to-a-tv/,0,0,0,0.01,44100000,"55,77,77,100,77,100,100,22,100,77,77,100",2025-08-22,"Video, Related searches, Discussions and forums, AI overview",informational,Organic
projector screen size,26,26,170,30,0.48,https://meetingtomorrow.com/blog/how-to-choose-a-projector-screen/,0,0,0,0.64,95000000,"65,80,100,80,65,65,65,80,65,65,53,65",2025-09-12,"Sitelinks, Video, Featured snippet, People also ask, Popular products, Related searches","commercial, informational",Organic
connecting laptop to a tv,61,61,140,42,0,https://meetingtomorrow.com/blog/how-to-connect-a-laptop-to-a-tv/,0,0,0,0.22,60800000,"80,80,100,0,0,100,80,100,80,66,66,66",2025-08-25,"Sitelinks, Video, Related searches, Discussions and forums, AI overview",informational,Organic
connect laptop to television,66,66,170,44,0,https://meetingtomorrow.com/blog/how-to-connect-a-laptop-to-a-tv/,0,0,0,0.22,319000000,"65,65,65,65,80,80,65,65,53,53,53,53",2025-08-28,"Image pack, Video, Related searches, AI overview",informational,Organic
audio visual equipment rental service,42,42,110,37,1.62,https://meetingtomorrow.com/toronto/audio-visual-rentals/,0,0,0,0.13,29400000,"5,8,28,11,35,15,15,15,15,23,23,11",2025-08-22,"Sitelinks, Image, People also ask, Related searches, AI overview","commercial, informational",Organic
connect from laptop to tv,60,60,140,42,0,https://meetingtomorrow.com/blog/how-to-connect-a-laptop-to-a-tv/,0,0,0,0.22,280000000,"53,53,53,15,15,100,53,43,43,43,53,43",2025-08-16,"Image pack, Video, Related searches, AI overview",informational,Organic
size of a movie screen,69,69,140,20,0,https://meetingtomorrow.com/blog/how-to-choose-a-projector-screen/,0,0,0,0,452000000,"5,2,2,5,9,100,54,9,5,2,9,2",2025-08-17,"Image pack, Sitelinks, Video, Image, Video Carousel, People also ask, Related searches, AI overview",informational,Organic
how laptop connect to tv,78,78,260,49,0,https://meetingtomorrow.com/blog/how-to-connect-a-laptop-to-a-tv/,0,0,0,0.01,330000000,"81,0,0,0,81,0,0,54,81,100,81,54",2025-09-07,"Image pack, Video, Related searches, Discussions and forums, AI overview",informational,Organic
av company,33,33,210,59,3.49,https://meetingtomorrow.com/ottawa/audio-visual-rentals/,0,0,0,0.18,5910000000,"5,4,3,5,3,3,7,8,7,2,8,7",2025-08-31,"Image pack, Sitelinks, Image, People also ask, Related searches","commercial, informational",Organic
av company,42,42,210,59,3.49,https://meetingtomorrow.com/montreal/audio-visual-rentals/,0,0,0,0.18,5910000000,"5,4,3,5,3,3,7,8,7,2,8,7",2025-08-31,"Image pack, Sitelinks, Image, People also ask, Related searches","commercial, informational",Organic
personal computer tablet,31,31,590,76,0.51,https://meetingtomorrow.com/blog/understanding-tablet-pcs/,0,0,0,1,548000000,"0,0,0,67,45,76,45,45,67,36,76,100",2025-09-28,"Image pack, Sitelinks, Video, Image, People also ask, Popular products, Related searches",commercial,Organic
rent a mac,1,1,70,5,1.5,https://meetingtomorrow.com/mac-apple-rentals/,0,0,0,0.13,191000000,"42,42,66,52,14,80,14,14,52,14,9,9",2025-09-11,"Image pack, Sitelinks, Video, People also ask, Related searches, AI overview","informational, transactional",AI overview
rent a mac,10,10,70,5,1.5,https://meetingtomorrow.com/mac-apple-rentals/,0,0,0,0.13,191000000,"42,42,66,52,14,80,14,14,52,14,9,9",2025-09-11,"Image pack, Sitelinks, Video, People also ask, Related searches, AI overview","informational, transactional",Organic
rent a mac,49,49,70,5,1.5,https://meetingtomorrow.com/montreal/computer-rentals/,0,0,0,0.13,191000000,"42,42,66,52,14,80,14,14,52,14,9,9",2025-09-11,"Image pack, Sitelinks, Video, People also ask, Related searches, AI overview","informational, transactional",Organic
html tags cheat sheet,56,56,170,47,0,https://meetingtomorrow.com/blog/html-tags-cheat-sheet/,0,0,0,0,26100000,"43,43,53,43,35,43,66,53,35,43,43,23",2025-08-21,"Image pack, Sitelinks, Video, Related searches, AI overview",informational,Organic
tvs nashville,64,64,260,32,0,https://meetingtomorrow.com/nashville/monitor-rentals/,0,0,0,0.08,195000000,"54,0,0,0,81,81,100,66,54,66,54,43",2025-08-22,"Knowledge panel, Local pack, Sitelinks, Video, Image, People also ask, Related searches",commercial,Organic
led video screen for corporate events,50,50,90,10,0,https://meetingtomorrow.com/blog/led-video-wall-info/,0,0,0,0,505000000,"28,78,100,50,50,78",2025-08-19,"Image pack, Sitelinks, Video, Popular products, Related searches, Discussions and forums, AI overview",commercial,Organic
hexadecimal color codes chart,85,85,90,95,0,https://meetingtomorrow.com/blog/hex-color-code-chart-for-websites/,0,0,0,0,4320000,"42,42,42,52,66,42,52,52,42,52,33,42",2025-08-18,"Image pack, Sitelinks, Related searches",informational,Organic
audio visual rental,33,33,260,35,2.19,https://meetingtomorrow.com/ottawa/audio-visual-rentals/,0,0,0,0.17,79400000,"36,36,29,29,29,29,44,29,29,44,44,29",2025-08-30,"Local pack, Image pack, Sitelinks, Video, Image, Related searches",commercial,Organic
audio visual rental,51,51,260,35,2.19,https://meetingtomorrow.com/vancouver/audio-visual-rentals/,0,0,0,0.17,79400000,"36,36,29,29,29,29,44,29,29,44,44,29",2025-08-30,"Local pack, Image pack, Sitelinks, Video, Image, Related searches",commercial,Organic
how to use logitech projector from mac wireless,48,48,210,26,0,https://meetingtomorrow.com/blog/how-to-connect-a-mac-to-a-projector/,0,0,0,0,2090000,"100,0,0,0,0",2025-09-04,"Image pack, Sitelinks, Video, People also ask, Related searches, AI overview",informational,Organic
walk on song,16,16,70,56,0,https://meetingtomorrow.com/blog/corporate-event-walk-on-songs/,0,0,0,0,1360000000,"11,11,19,19,15,7,26,26,42,42,34,34",2025-08-31,"Video, People also ask, Related searches","informational, transactional",Organic
how to connect mac to projector,12,12,90,25,0,https://meetingtomorrow.com/blog/how-to-connect-a-mac-to-a-projector/,0,0,0,0.14,23700000,"42,7,42,65,42,42,42,19,26,26,26,7",2025-08-22,"Sitelinks, Video, People also ask, Related searches, AI overview",informational,Organic
printer rentals,75,75,50,15,11.43,https://meetingtomorrow.com/philadelphia/printer-copier-rentals/,0,0,0,0.36,60300000,"3,3,11,3,34,3,11,26,65,42,42,26",2025-08-28,"Local pack, Image pack, People also ask, Related searches",commercial,Organic
printer rentals,86,86,50,15,11.43,https://meetingtomorrow.com/los-angeles/printer-copier-rentals/,0,0,0,0.36,60300000,"3,3,11,3,34,3,11,26,65,42,42,26",2025-08-28,"Local pack, Image pack, People also ask, Related searches",commercial,Organic
nationwide audio visual,17,17,90,32,0,https://meetingtomorrow.com/audio-visual-services/,0,0,0,0.09,21600000,"78,78,64,50,78,50,78,64,64,14,50,50",2025-10-21,"Knowledge panel, Sitelinks, Video, Related searches",navigational,Organic
microphone feedback,24,24,50,37,0,https://meetingtomorrow.com/blog/prevent-microphone-feedback/,0,0,0,0.02,318000000,"45,63,45,63,81,63,63,27,36,100,18,18",2025-09-05,"Sitelinks, Video, Featured snippet, Related searches",informational,Organic
million dollar round table,41,41,110,54,0,https://meetingtomorrow.com/our-work/event-production/mdrt/,0,0,0,0,82300000,"23,18,0,15,0,5,15,8,23,3,28,66",2025-09-09,"Knowledge panel, Image pack, Sitelinks, Video, People also ask, Related searches",navigational,Organic
mixer and amplifier,29,29,110,9,0.33,https://meetingtomorrow.com/blog/av-basics-mixers-and-amplifiers/,0,0,0,1,18300000,"64,64,64,64,64,82,82,64,82,64,64,52",2025-09-04,"Image pack, Video, Image, People also ask, Popular products, Related searches","informational, transactional",Organic
audio visual companies vancouver,12,12,70,32,4,https://meetingtomorrow.com/vancouver/audio-visual-rentals/,0,0,0,0.38,503000,"35,35,50,50,50,14,78,100,100,100,78,14",2025-09-04,"Local pack, Sitelinks, Image, People also ask, Related searches",commercial,Organic
chair of a meeting,30,30,170,26,6.72,https://meetingtomorrow.com/blog/how-to-chair-a-successful-meeting/,0,0,0,0.81,432000000,"80,53,65,53,65,42,100,100,100,80,80,53",2025-08-31,"Image pack, Video, Featured snippet, People also ask, Related searches",informational,Image pack
how to measure temperature of laptop,49,49,110,50,0,https://meetingtomorrow.com/blog/how-to-determine-laptop-temperature/,0,0,0,0,15300000,"100,100,78,64,64,100,78,64,78,78,78,78",2025-09-09,"Image pack, Sitelinks, Video, People also ask, Related searches, AI overview",informational,Organic
how to measure temperature of laptop,79,79,110,50,0,https://meetingtomorrow.com/blog/how-can-i-monitor-my-laptop-temperature/,0,0,0,0,15300000,"100,100,78,64,64,100,78,64,78,78,78,78",2025-09-09,"Image pack, Sitelinks, Video, People also ask, Related searches, AI overview",informational,Organic
av toronto,22,22,50,50,1.95,https://meetingtomorrow.com/toronto/audio-visual-rentals/,0,0,0,0.35,77600000,"35,35,35,28,28,35,35,35,50,50,50,14",2025-08-26,"Image pack, Image, People also ask, Related searches",commercial,Organic
renting a gaming computer,22,22,50,13,0.56,https://meetingtomorrow.com/laptop-computer-rentals/gaming/,0,0,0,0.34,43400000,"9,23,14,14,14,66,42,33,42,33,33,9",2025-08-27,"Sitelinks, Image, People also ask, Related searches, Discussions and forums","informational, transactional",Organic
renting a gaming computer,88,88,50,13,0.56,https://meetingtomorrow.com/toronto/computer-rentals/,0,0,0,0.34,43400000,"9,23,14,14,14,66,42,33,42,33,33,9",2025-08-27,"Sitelinks, Image, People also ask, Related searches, Discussions and forums","informational, transactional",Organic
computer rental,10,10,140,18,1.5,https://meetingtomorrow.com/vancouver/computer-rentals/,0,0,0,0.3,796000000,"42,65,80,53,42,65,65,53,34,65,100,26",2025-08-22,"Local pack, Image pack, Sitelinks, Image, People also ask, Related searches, AI overview",commercial,Organic
computer rental,18,18,140,18,1.5,https://meetingtomorrow.com/toronto/computer-rentals/,0,0,0,0.3,796000000,"42,65,80,53,42,65,65,53,34,65,100,26",2025-08-22,"Local pack, Image pack, Sitelinks, Image, People also ask, Related searches, AI overview",commercial,Organic
computer rental,98,98,140,18,1.5,https://meetingtomorrow.com/vancouver/computer-rentals/,0,0,0,0.3,796000000,"42,65,80,53,42,65,65,53,34,65,100,26",2025-08-22,"Local pack, Image pack, Sitelinks, Image, People also ask, Related searches, AI overview",commercial,Image pack
computer rental,98,98,140,18,1.5,https://meetingtomorrow.com/vancouver/computer-rentals/,0,0,0,0.3,796000000,"42,65,80,53,42,65,65,53,34,65,100,26",2025-08-22,"Local pack, Image pack, Sitelinks, Image, People also ask, Related searches, AI overview",commercial,Image pack
ipad conference stand,44,44,170,6,0,https://meetingtomorrow.com/ipad-rentals/accessory/kiosk/,0,0,0,0,6960000,"28,28,28,28,82,82,53,100,82,43,12,5",2025-09-04,"Image pack, Video, Image, Popular products, Related searches",transactional,Organic
dell laptop rental,9,9,90,16,0,https://meetingtomorrow.com/laptop-computer-rentals/dell/,0,0,0,0,7970000,"14,14,78,78,14,78,100,50,100,100,100,64",2025-08-24,"Image pack, People also ask, Related searches",informational,Organic
dell laptop rental,58,58,90,16,0,https://meetingtomorrow.com/toronto/computer-rentals/,0,0,0,0,7970000,"14,14,78,78,14,78,100,50,100,100,100,64",2025-08-24,"Image pack, People also ask, Related searches",informational,Organic
av rentals,25,25,210,41,2.19,https://meetingtomorrow.com/montreal/audio-visual-rentals/,0,0,0,0.17,262000000,"53,65,53,53,43,43,53,81,100,81,100,81",2025-08-20,"Local pack, Sitelinks, Video, People also ask, Related searches",commercial,Organic
av rentals,28,28,210,41,2.19,https://meetingtomorrow.com/vancouver/audio-visual-rentals/,0,0,0,0.17,262000000,"53,65,53,53,43,43,53,81,100,81,100,81",2025-08-20,"Local pack, Sitelinks, Video, People also ask, Related searches",commercial,Organic
laptop computers ottawa,23,23,70,40,0.49,https://meetingtomorrow.com/ottawa/computer-rentals/,0,0,0,1,4010000,"64,100,64,64,64,64,50,50,50,64,35,14",2025-08-31,"Local pack, Image pack, Sitelinks, Image, People also ask, Popular products, Related searches",commercial,Organic
av equipment rental,13,13,140,25,1.81,https://meetingtomorrow.com/ottawa/audio-visual-rentals/,0,0,0,0.19,27600000,"2,2,8,7,4,2,5,5,7,10,7,5",2025-08-24,"Local pack, Sitelinks, Image, People also ask, Related searches",commercial,Organic
av equipment rental,31,31,140,25,1.81,https://meetingtomorrow.com/montreal/audio-visual-rentals/,0,0,0,0.19,27600000,"2,2,8,7,4,2,5,5,7,10,7,5",2025-08-24,"Local pack, Sitelinks, Image, People also ask, Related searches",commercial,Organic
walkway songs,12,12,140,38,0,https://meetingtomorrow.com/blog/corporate-event-walk-on-songs/,0,0,0,0,4710000,"29,29,29,29,22,22,35,22,29,22,29,22",2025-08-19,"Image pack, Video, Image, People also ask, Related searches, Discussions and forums",informational,Organic
chair a meeting,66,66,70,18,6.72,https://meetingtomorrow.com/blog/how-to-chair-a-successful-meeting/,0,0,0,0.81,464000000,"53,3,100,26,11,7,3,11,0,7,11,34",2025-08-18,"Image pack, Video, People also ask, Related searches, AI overview",informational,Image pack
what are audio visual,90,90,90,24,0,https://meetingtomorrow.com/blog/audiovisual-glossary/,0,0,0,0,1350000000,"64,64,64,64,50,78,78,64,21,28,100,7",2025-09-07,"Instant answer, Knowledge panel, Sitelinks, Video Carousel, People also ask, Related searches, AI overview",informational,Organic
how do you connect laptop to projector,19,19,70,27,0,https://meetingtomorrow.com/blog/how-to-connect-a-laptop-to-a-projector/,0,0,0,0.01,49800000,"45,63,63,18,100,18,18,18,18,100,100,100",2025-08-22,"Video, People also ask, Related searches, AI overview",informational,Organic
how to see temperature of laptop,53,53,110,51,0,https://meetingtomorrow.com/blog/how-can-i-monitor-my-laptop-temperature/,0,0,0,0,112000000,"100,100,78,64,64,100,64,64,78,78,78,78",2025-09-09,"Sitelinks, Video, People also ask, Related searches, Discussions and forums, AI overview",informational,Organic
definition of tablet computer,83,83,260,64,0,https://meetingtomorrow.com/blog/understanding-tablet-pcs/,0,0,0,0.01,232000000,"0,0,0,0,14,14,14,21,100,21,88,21",2025-08-29,"Instant answer, Knowledge panel, Sitelinks, Video, Related searches, AI overview",informational,Organic
when were laptops created,1,1,90,59,0,https://meetingtomorrow.com/blog/who-invented-the-laptop-computer/,0,0,0,0,21700000,"64,64,50,64,64,50,50,78,100,78,50,50",2025-10-28,"Sitelinks, Video, Image, Video Carousel, People also ask, Related searches, AI overview",informational,AI overview
when were laptops created,10,10,90,59,0,https://meetingtomorrow.com/blog/who-invented-the-laptop-computer/,0,0,0,0,21700000,"64,64,50,64,64,50,50,78,100,78,50,50",2025-10-28,"Sitelinks, Video, Image, Video Carousel, People also ask, Related searches, AI overview",informational,Organic
imaging of laptop,22,22,210,14,0,https://meetingtomorrow.com/customization-services/laptop-imaging/,0,0,0,0.07,2060000000,"0,0,65,81,81,65,81,100,81,100,81,65",2025-09-08,"Image pack, Sitelinks, Video, People also ask, Related searches, AI overview",informational,Organic
imaging of laptop,63,63,210,14,0,https://meetingtomorrow.com/customization-services/laptop-imaging/,0,0,0,0.07,2060000000,"0,0,65,81,81,65,81,100,81,100,81,65",2025-09-08,"Image pack, Sitelinks, Video, People also ask, Related searches, AI overview",informational,Image pack
laptop on hire,11,11,50,15,0,https://meetingtomorrow.com/calgary/computer-rentals/,0,0,0,0,239000000,"18,18,100,18,18,18,18,18,100,100,100,18",2025-08-21,"Knowledge panel, Sitelinks, Video, People also ask, Related searches, AI overview",informational,Organic
laptop on hire,29,29,50,15,0,https://meetingtomorrow.com/ottawa/computer-rentals/,0,0,0,0,239000000,"18,18,100,18,18,18,18,18,100,100,100,18",2025-08-21,"Knowledge panel, Sitelinks, Video, People also ask, Related searches, AI overview",informational,Organic
what is a tablet computer,62,62,90,45,0,https://meetingtomorrow.com/blog/understanding-tablet-pcs/,0,0,0,0.2,1970000000,"15,12,19,15,2,23,15,15,15,15,9,2",2025-08-28,"Knowledge panel, Sitelinks, Video, Related searches, AI overview",informational,Organic
vision rentals,91,91,70,18,0.71,https://meetingtomorrow.com/ottawa/audio-visual-rentals/,0,0,0,0.03,310000000,"100,100,81,45,45,45,63,45,45,81,81,100",2025-08-19,"Knowledge panel, Image pack, Sitelinks, Related searches",navigational,Organic
greatest walk out songs,29,29,140,15,0,https://meetingtomorrow.com/blog/corporate-event-walk-on-songs/,0,0,0,0,695000000,"82,82,82,82,64,52,52,82,82,82,100,100",2025-08-18,"Carousel, Sitelinks, Video, People also ask, Related searches, Discussions and forums, AI overview",commercial,Organic
how to check the temperature of laptop,44,44,110,39,0,https://meetingtomorrow.com/blog/how-can-i-monitor-my-laptop-temperature/,0,0,0,0,95200000,"100,100,78,64,64,100,78,64,78,78,78,78",2025-09-09,"Sitelinks, Video, People also ask, Related searches, AI overview",informational,Organic
how to check the temperature of laptop,58,58,110,39,0,https://meetingtomorrow.com/blog/how-to-determine-laptop-temperature/,0,0,0,0,95200000,"100,100,78,64,64,100,78,64,78,78,78,78",2025-09-09,"Sitelinks, Video, People also ask, Related searches, AI overview",informational,Organic
definition of webcasting,39,39,110,41,0,https://meetingtomorrow.com/blog/webcast-vs-webinar/,0,0,0,0.04,10,"2,2,2,2,2,2,100,2,2,2,2,2",2025-11-09,"Instant answer, Image pack, Video, People also ask, Related searches, AI overview",informational,Organic
definition of webcasting,78,78,110,41,0,https://meetingtomorrow.com/blog/webcast-vs-webinar/,0,0,0,0.04,10,"2,2,2,2,2,2,100,2,2,2,2,2",2025-11-09,"Instant answer, Image pack, Video, People also ask, Related searches, AI overview",informational,Image pack
how to chair a meeting,72,72,70,21,0,https://meetingtomorrow.com/blog/how-to-chair-a-successful-meeting/,0,0,0,0.01,664000000,"29,29,64,41,41,29,64,41,41,41,41,11",2025-08-30,"Image pack, Sitelinks, Video, People also ask, Related searches, AI overview",informational,Organic
rent a laptop in toronto,6,6,110,15,1.44,https://meetingtomorrow.com/toronto/computer-rentals/,0,0,0,0.32,1740000,"50,64,78,64,78,64,100,64,100,100,100,78",2025-08-30,"Local pack, Image pack, Sitelinks, People also ask, Related searches",transactional,Organic
rent a laptop in toronto,35,35,110,15,1.44,https://meetingtomorrow.com/laptop-computer-rentals/,0,0,0,0.32,1740000,"50,64,78,64,78,64,100,64,100,100,100,78",2025-08-30,"Local pack, Image pack, Sitelinks, People also ask, Related searches",transactional,Organic
projector screen dimensions,22,22,170,28,0.74,https://meetingtomorrow.com/blog/how-to-choose-a-projector-screen/,0,0,0,0.54,29200000,"65,53,65,100,80,80,80,53,65,65,65,53",2025-08-19,"Sitelinks, Video, Image, People also ask, Related searches, AI overview",informational,Organic
av production company,26,26,70,37,2.46,https://meetingtomorrow.com/ottawa/audio-visual-rentals/,0,0,0,0.21,10,"100,18,18,18,18,18,100,100,100,100,36,36",2025-11-08,"Local pack, Sitelinks, Video, Ads bottom, People also ask, Related searches",commercial,Organic
av production company,52,52,70,37,2.46,https://meetingtomorrow.com/montreal/audio-visual-rentals/,0,0,0,0.21,10,"100,18,18,18,18,18,100,100,100,100,36,36",2025-11-08,"Local pack, Sitelinks, Video, Ads bottom, People also ask, Related searches",commercial,Organic
macbook rental,9,9,70,8,1.22,https://meetingtomorrow.com/toronto/computer-rentals/,0,0,0,0.16,37900000,"17,17,23,29,41,100,41,23,100,29,29,41",2025-08-30,"Knowledge panel, Image pack, Sitelinks, People also ask, Related searches","informational, transactional",Organic
macbook rental,19,19,70,8,1.22,https://meetingtomorrow.com/mac-apple-rentals/,0,0,0,0.16,37900000,"17,17,23,29,41,100,41,23,100,29,29,41",2025-08-30,"Knowledge panel, Image pack, Sitelinks, People also ask, Related searches","informational, transactional",Organic
rent a laptop,24,24,260,14,1.31,https://meetingtomorrow.com/calgary/computer-rentals/,0,0,0,0.22,578000000,"28,23,28,44,44,35,35,28,100,81,44,54",2025-08-22,"Image pack, Sitelinks, Video, Image, People also ask, Related searches",transactional,Organic
rent a laptop,34,34,260,14,1.31,https://meetingtomorrow.com/ottawa/computer-rentals/,0,0,0,0.22,578000000,"28,23,28,44,44,35,35,28,100,81,44,54",2025-08-22,"Image pack, Sitelinks, Video, Image, People also ask, Related searches",transactional,Organic
rent a laptop,99,99,260,14,1.31,https://meetingtomorrow.com/ottawa/computer-rentals/,0,0,0,0.22,578000000,"28,23,28,44,44,35,35,28,100,81,44,54",2025-08-22,"Image pack, Sitelinks, Video, Image, People also ask, Related searches",transactional,Image pack
first laptop computer,21,21,170,71,0,https://meetingtomorrow.com/blog/who-invented-the-laptop-computer/,0,0,0,0,517000000,"53,53,100,65,80,65,65,65,65,80,80,53",2025-08-29,"Image pack, Sitelinks, Video, Featured snippet, People also ask, Popular products, Related searches","commercial, informational",Organic
first notebook computer,31,31,170,51,0,https://meetingtomorrow.com/blog/who-invented-the-laptop-computer/,0,0,0,0,287000000,"66,66,100,66,80,66,66,66,66,100,66,66",2025-08-30,"Knowledge panel, Sitelinks, Video, People also ask, Popular products, Related searches","informational, transactional",Organic
connection from laptop to tv,62,62,140,48,0,https://meetingtomorrow.com/blog/how-to-connect-a-laptop-to-a-tv/,0,0,0,0.22,383000000,"80,80,80,0,0,100,80,100,80,66,66,66",2025-08-25,"Image pack, Video, Related searches, AI overview",informational,Organic
digital light projector,16,16,170,25,0,https://meetingtomorrow.com/blog/how-to-choose-a-digital-projector/,0,0,0,0.83,53600000,"23,23,29,23,29,29,29,19,19,19,23,19",2025-08-30,"Image pack, Sitelinks, Video, People also ask, Popular products, Related searches",informational,Image pack
how can i connect the laptop to my tv,81,81,50,41,0,https://meetingtomorrow.com/blog/how-to-connect-a-laptop-to-a-tv/,0,0,0,0.02,207000000,"100,63,63,63,0,63,63,63,63,63,63,18",2025-08-26,"Sitelinks, Video, Related searches, Discussions and forums, AI overview",informational,Organic
computer connection to tv,69,69,50,27,0,https://meetingtomorrow.com/blog/how-to-connect-a-laptop-to-a-tv/,0,0,0,0.21,731000000,"45,63,63,18,0,100,100,18,100,18,18,18",2025-08-21,"Image pack, Sitelinks, Video, Related searches, Discussions and forums, AI overview",informational,Organic
how do you connect projector to laptop,19,19,90,33,0,https://meetingtomorrow.com/blog/how-to-connect-a-laptop-to-a-projector/,0,0,0,0,57500000,"63,81,100,100,81,81,81,63,81,63,63,81",2025-09-10,"Image pack, Video, People also ask, Related searches, Discussions and forums, AI overview",informational,Organic
how do you connect projector to laptop,46,46,90,33,0,https://meetingtomorrow.com/blog/how-to-connect-a-laptop-to-a-projector/,0,0,0,0,57500000,"63,81,100,100,81,81,81,63,81,63,63,81",2025-09-10,"Image pack, Video, People also ask, Related searches, Discussions and forums, AI overview",informational,Image pack
laptop rent,21,21,50,12,1.31,https://meetingtomorrow.com/montreal/computer-rentals/,0,0,0,0.22,493000000,"7,2,7,5,5,23,23,7,10,43,7,7",2025-08-19,"Image pack, Sitelinks, Video, Image, People also ask, Related searches",commercial,Organic
laptop rent,32,32,50,12,1.31,https://meetingtomorrow.com/ottawa/computer-rentals/,0,0,0,0.22,493000000,"7,2,7,5,5,23,23,7,10,43,7,7",2025-08-19,"Image pack, Sitelinks, Video, Image, People also ask, Related searches",commercial,Organic
laptop rent,92,92,50,12,1.31,https://meetingtomorrow.com/ottawa/computer-rentals/,0,0,0,0.22,493000000,"7,2,7,5,5,23,23,7,10,43,7,7",2025-08-19,"Image pack, Sitelinks, Video, Image, People also ask, Related searches",commercial,Image pack
how do you connect a laptop to a projector,19,19,70,29,0,https://meetingtomorrow.com/blog/how-to-connect-a-laptop-to-a-projector/,0,0,0,0.01,48500000,"23,33,33,9,52,9,9,9,9,52,52,52",2025-08-22,"Video, People also ask, Related searches, Discussions and forums, AI overview",informational,Organic
led screen rentals,68,68,70,15,2.18,https://meetingtomorrow.com/montreal/monitor-rentals/,0,0,0,0.53,23300000,"27,45,63,45,36,18,36,63,81,100,81,63",2025-08-30,"Local pack, Image pack, Sitelinks, Video, People also ask, Popular products, Related searches",commercial,Organic
led screen rentals,87,87,70,15,2.18,https://meetingtomorrow.com/vancouver/monitor-rentals/,0,0,0,0.53,23300000,"27,45,63,45,36,18,36,63,81,100,81,63",2025-08-30,"Local pack, Image pack, Sitelinks, Video, People also ask, Popular products, Related searches",commercial,Organic
rent a tv,13,13,70,8,1.65,https://meetingtomorrow.com/montreal/monitor-rentals/,0,0,0,0.08,1080000000,"8,8,8,6,23,6,18,11,11,23,28,8",2025-09-01,"Local pack, Image pack, Related searches","informational, transactional",Organic
rent a tv,19,19,70,8,1.65,https://meetingtomorrow.com/toronto/monitor-rentals/,0,0,0,0.08,1080000000,"8,8,8,6,23,6,18,11,11,23,28,8",2025-09-01,"Local pack, Image pack, Related searches","informational, transactional",Organic
gaming pc rental,46,46,70,17,0.56,https://meetingtomorrow.com/computer-rentals/bulk-desktop/,0,0,0,0.34,29100000,"12,17,12,17,17,12,23,23,12,17,17,28",2025-08-25,"Local pack, Image pack, Sitelinks, Video, Image, Related searches",transactional,Organic
gaming pc rental,70,70,70,17,0.56,https://meetingtomorrow.com/toronto/computer-rentals/,0,0,0,0.34,29100000,"12,17,12,17,17,12,23,23,12,17,17,28",2025-08-25,"Local pack, Image pack, Sitelinks, Video, Image, Related searches",transactional,Organic
event companies vancouver bc,74,74,50,35,1.66,https://meetingtomorrow.com/vancouver/event-productions/,0,0,0,0.55,80500000,"52,42,33,23,42,42,9,9,33,0,23,14",2025-10-18,"Local pack, Image, Related searches",commercial,Organic
av companies vancouver,15,15,110,33,5.91,https://meetingtomorrow.com/vancouver/audio-visual-rentals/,0,0,0,0.5,35800000,"41,41,41,11,64,100,82,64,64,11,100,100",2025-10-23,"Local pack, Video, Image, Ads bottom, People also ask, Related searches",commercial,Organic
av companies vancouver,63,63,110,33,5.91,https://meetingtomorrow.com/vancouver/event-productions/,0,0,0,0.5,35800000,"41,41,41,11,64,100,82,64,64,11,100,100",2025-10-23,"Local pack, Video, Image, Ads bottom, People also ask, Related searches",commercial,Organic
movie screen size,69,69,170,18,0.74,https://meetingtomorrow.com/blog/how-to-choose-a-projector-screen/,0,0,0,0.54,1060000000,"65,53,65,100,53,65,80,53,80,65,65,42",2025-08-27,"Image pack, Sitelinks, Video, Image, Related searches, AI overview",informational,Organic
what is a minutes of a meeting,96,96,170,37,0.19,https://meetingtomorrow.com/blog/how-to-prepare-minutes-for-a-meeting/,0,0,0,0.01,1420000000,"65,65,81,100,0,0,0,100,81,65,65,43",2025-08-27,"Video, Video Carousel, People also ask, Related searches, AI overview",informational,Organic
how do you connect the computer to the tv,46,46,90,40,0,https://meetingtomorrow.com/blog/how-to-connect-a-laptop-to-a-tv/,0,0,0,0.03,469000000,"0,82,64,82,0,100,82,41,29,52,29,29",2025-08-22,"Sitelinks, Video, Related searches, Discussions and forums, AI overview",informational,Organic
how to use virtual reality,51,51,140,42,0,https://meetingtomorrow.com/blog/how-to-use-virtual-reality-at-events/,0,0,0,0.05,310000000,"4,4,4,4,4,4,29,81,100,54,35,35",2025-08-30,"Image pack, Video, People also ask, Related searches, AI overview",informational,Organic
bespoke audio visual toronto,72,72,320,30,1.12,https://meetingtomorrow.com/toronto/audio-visual-rentals/,0,0,0,0.1,176000,"54,43,81,66,54,66,100,66,54,81,100,54",2025-09-01,"Knowledge panel, Image pack, Sitelinks, Video, Related searches",navigational,Organic
led panel rental montreal,14,14,140,7,0,https://meetingtomorrow.com/montreal/monitor-rentals/,0,0,0,0,1230000,"100,0,0,0,0,0,0,0",2025-09-10,"Local pack, Image pack, Sitelinks, Video, Related searches, AI overview",informational,Organic
rent tv,16,16,110,6,1.65,https://meetingtomorrow.com/toronto/monitor-rentals/,0,0,0,0.08,985000000,"29,54,35,43,4,29,10,8,6,10,8,29",2025-08-18,"Local pack, Image pack, Sitelinks, People also ask, Related searches","informational, transactional",Organic
rent tv,24,24,110,6,1.65,https://meetingtomorrow.com/montreal/monitor-rentals/,0,0,0,0.08,985000000,"29,54,35,43,4,29,10,8,6,10,8,29",2025-08-18,"Local pack, Image pack, Sitelinks, People also ask, Related searches","informational, transactional",Organic
big projector screen,31,31,140,18,0.56,https://meetingtomorrow.com/blog/how-to-choose-a-projector-screen/,0,0,0,1,56700000,"28,23,100,100,35,28,28,23,23,28,23,28",2025-09-06,"Image pack, Sitelinks, Video, Image, People also ask, Popular products, Related searches","informational, transactional",Organic
connect computer to television,66,66,50,47,0,https://meetingtomorrow.com/blog/how-to-connect-a-laptop-to-a-tv/,0,0,0,0.21,562000000,"45,63,63,18,18,100,100,18,100,18,18,18",2025-09-02,"Image pack, Sitelinks, Video, Related searches, AI overview",informational,Organic
when and where was the computer invented,90,90,480,77,0,https://meetingtomorrow.com/blog/who-invented-the-laptop-computer/,0,0,0,0,71300000,"32,32,39,39,59,48,72,26,59,100,48,32",2025-09-09,"Image pack, Sitelinks, Video, Featured snippet, People also ask, Related searches",informational,Organic
audio visual calgary,24,24,70,32,3.95,https://meetingtomorrow.com/calgary/audio-visual-rentals/,0,0,0,0.29,2580000,"41,41,29,29,41,41,41,41,41,41,29,41",2025-09-02,"Local pack, Image pack, Sitelinks, Video, Image, People also ask, Related searches",commercial,Organic
how do you connect a projector to a laptop,19,19,90,31,0,https://meetingtomorrow.com/blog/how-to-connect-a-laptop-to-a-projector/,0,0,0,0,57400000,"63,81,100,100,81,81,81,63,81,63,63,81",2025-09-10,"Image pack, Video, People also ask, Related searches, Discussions and forums, AI overview",informational,Organic
how do you connect a projector to a laptop,84,84,90,31,0,https://meetingtomorrow.com/blog/how-to-connect-a-laptop-to-a-projector/,0,0,0,0,57400000,"63,81,100,100,81,81,81,63,81,63,63,81",2025-09-10,"Image pack, Video, People also ask, Related searches, Discussions and forums, AI overview",informational,Image pack
how to know laptop temperature,52,52,110,45,0,https://meetingtomorrow.com/blog/how-can-i-monitor-my-laptop-temperature/,0,0,0,0,93300000,"53,53,42,34,34,53,42,34,42,42,42,42",2025-09-09,"Sitelinks, Video, People also ask, Related searches, Discussions and forums, AI overview",informational,Organic
connector for laptop to tv,50,50,140,36,0,https://meetingtomorrow.com/blog/how-to-connect-a-laptop-to-a-tv/,0,0,0,0.22,26400000,"80,80,80,0,0,100,80,100,80,66,66,66",2025-08-25,"Image pack, Video, Image, People also ask, Popular products, Related searches, Discussions and forums, AI overview","informational, transactional",Organic
laptop in rent,15,15,320,16,1.31,https://meetingtomorrow.com/toronto/computer-rentals/,0,0,0,0.22,276000000,"28,35,35,35,66,81,81,54,81,100,0,44",2025-09-04,"Local pack, Image pack, Sitelinks, Image, People also ask, Related searches, AI overview",commercial,Organic
laptop in rent,21,21,320,16,1.31,https://meetingtomorrow.com/montreal/computer-rentals/,0,0,0,0.22,276000000,"28,35,35,35,66,81,81,54,81,100,0,44",2025-09-04,"Local pack, Image pack, Sitelinks, Image, People also ask, Related searches, AI overview",commercial,Organic
laptop in rent,83,83,320,16,1.31,https://meetingtomorrow.com/ottawa/computer-rentals/,0,0,0,0.22,276000000,"28,35,35,35,66,81,81,54,81,100,0,44",2025-09-04,"Local pack, Image pack, Sitelinks, Image, People also ask, Related searches, AI overview",commercial,Image pack
nationwide av,15,15,90,20,0,https://meetingtomorrow.com/audio-visual-services/,0,0,0,0.09,46800000,"78,78,64,64,78,50,78,64,64,14,64,50",2025-10-21,"Knowledge panel, Sitelinks, Video, Ads bottom, People also ask, Related searches",informational,Organic
nationwide av,25,25,90,20,0,https://meetingtomorrow.com/,0,0,0,0.09,46800000,"78,78,64,64,78,50,78,64,64,14,64,50",2025-10-21,"Knowledge panel, Sitelinks, Video, Ads bottom, People also ask, Related searches",informational,Organic
connect computer tv,63,63,50,47,0,https://meetingtomorrow.com/blog/how-to-connect-a-laptop-to-a-tv/,0,0,0,0.21,513000000,"45,63,63,18,0,100,100,18,100,18,18,18",2025-08-28,"Sitelinks, Video, Related searches, AI overview",informational,Organic
laptop to projector,23,23,90,25,0.34,https://meetingtomorrow.com/blog/how-to-connect-a-laptop-to-a-projector/,0,0,0,1,111000000,"12,10,17,23,5,100,43,5,7,10,5,10",2025-09-02,"Sitelinks, Video, People also ask, Related searches, AI overview",informational,Organic
audio visual equipment rental services near me,20,20,50,33,0,https://meetingtomorrow.com/ottawa/audio-visual-rentals/,0,0,0,0.18,70400000,"28,50,100,14,14,100,100,14,14,14,14,14",2025-08-21,"Local pack, Sitelinks, Related searches",transactional,Organic
audio visual equipment rental services near me,39,39,50,33,0,https://meetingtomorrow.com/calgary/audio-visual-rentals/,0,0,0,0.18,70400000,"28,50,100,14,14,100,100,14,14,14,14,14",2025-08-21,"Local pack, Sitelinks, Related searches",transactional,Organic
av companies toronto,22,22,170,56,3.74,https://meetingtomorrow.com/toronto/audio-visual-rentals/,0,0,0,0.22,56800000,"23,35,28,35,28,28,15,18,35,44,28,28",2025-09-02,"Local pack, Image pack, Sitelinks, Image, Related searches",commercial,Organic
rent a mac computer,18,18,70,16,1.5,https://meetingtomorrow.com/montreal/computer-rentals/,0,0,0,0.13,17300000,"34,26,0,0,53,65,80,7,42,7,7,7",2025-09-05,"Local pack, Image pack, Sitelinks, People also ask, Related searches",informational,Organic
how do i do a conference call,63,63,50,30,0,https://meetingtomorrow.com/blog/how-to-make-a-conference-call/,0,0,0,0.01,1030000000,"55,77,77,77,77,77,77,22,77,77,22,22",2025-09-01,"Video, Related searches, Discussions and forums, AI overview",informational,Organic
rent iphone,37,37,90,6,2,https://meetingtomorrow.com/iphone-rentals/,0,0,0,0.28,230000000,"35,50,64,35,35,64,78,35,64,100,100,50",2025-09-02,"Image pack, Sitelinks, People also ask, Related searches","informational, transactional",Organic
rent iphone,68,68,90,6,2,https://meetingtomorrow.com/toronto/ipad-rentals/,0,0,0,0.28,230000000,"35,50,64,35,35,64,78,35,64,100,100,50",2025-09-02,"Image pack, Sitelinks, People also ask, Related searches","informational, transactional",Organic
av cost,17,17,140,22,0,https://meetingtomorrow.com/blog/explaining-av-cost/,0,0,0,0.01,10,"66,80,80,80,66,100,80,100,66,0,66,66",2025-11-07,"Image pack, Sitelinks, Video, Image, People also ask, Related searches, AI overview",informational,Organic
av cost,25,25,140,22,0,https://meetingtomorrow.com/blog/explaining-av-cost/,0,0,0,0.01,10,"66,80,80,80,66,100,80,100,66,0,66,66",2025-11-07,"Image pack, Sitelinks, Video, Image, People also ask, Related searches, AI overview",informational,Organic
av cost,97,97,140,22,0,https://meetingtomorrow.com/blog/explaining-av-cost/,0,0,0,0.01,10,"66,80,80,80,66,100,80,100,66,0,66,66",2025-11-07,"Image pack, Sitelinks, Video, Image, People also ask, Related searches, AI overview",informational,Image pack
how to hook up the computer to the tv,59,59,140,49,0,https://meetingtomorrow.com/blog/how-to-connect-a-laptop-to-a-tv/,0,0,0,0.03,743000000,"82,64,64,64,82,100,82,64,64,82,52,64",2025-08-18,"Image pack, Sitelinks, Video, Featured snippet, People also ask, Related searches, Discussions and forums",informational,Organic
led wall rental near me,55,55,50,4,1.85,https://meetingtomorrow.com/montreal/monitor-rentals/,0,0,0,0.54,94,"14,14,14,14,14,14,50,100,100,64,35,50",2025-08-19,"Local pack, Image pack, Video, Ads bottom, People also ask, Popular products, Related searches",transactional,Organic
led wall rental near me,64,64,50,4,1.85,https://meetingtomorrow.com/calgary/monitor-rentals/,0,0,0,0.54,94,"14,14,14,14,14,14,50,100,100,64,35,50",2025-08-19,"Local pack, Image pack, Video, Ads bottom, People also ask, Popular products, Related searches",transactional,Organic
toronto audio visual rentals,24,24,110,13,1.83,https://meetingtomorrow.com/toronto/audio-visual-services/,0,0,0,0.25,1010000,"41,41,52,41,41,41,41,52,100,82,100,82",2025-10-21,"Knowledge panel, Image pack, Sitelinks, Video, Image, Ads bottom, People also ask, Related searches",navigational,Organic
first computer laptop,31,31,170,50,0,https://meetingtomorrow.com/blog/who-invented-the-laptop-computer/,0,0,0,0,1310000000,"53,53,80,53,65,53,53,53,53,80,53,53",2025-08-25,"Sitelinks, Video, People also ask, Popular products, Related searches, AI overview","informational, transactional",Organic
kiosk mode ipad,65,65,50,24,4.6,https://meetingtomorrow.com/blog/lock-ipad-to-one-app-in-kiosk-mode/,0,0,0,0.5,4650000,"100,35,35,64,78,7,21,7,21,21,28,14",2025-08-29,"Sitelinks, Video, People also ask, Related searches, AI overview",informational,Organic
best walkout songs,39,39,140,25,0,https://meetingtomorrow.com/blog/corporate-event-walk-on-songs/,0,0,0,0,71700000,"66,80,80,66,52,42,52,66,66,80,100,100",2025-08-18,"Video, People also ask, Related searches, AI overview",commercial,Organic
how to conference call,83,83,50,25,0,https://meetingtomorrow.com/blog/how-to-make-a-conference-call/,0,0,0,0.01,1080000000,"23,33,33,33,33,33,33,33,23,33,9,9",2025-09-01,"Image pack, Video, Related searches, AI overview",informational,Organic
rent a dell laptop,16,16,90,5,0,https://meetingtomorrow.com/laptop-computer-rentals/dell/,0,0,0,0,15400000,"14,14,78,78,14,78,100,50,100,100,100,64",2025-08-26,"Image pack, Image, People also ask, Related searches","commercial, informational",Organic
leasing a laptop computer,8,8,70,22,1.22,https://meetingtomorrow.com/laptop-computer-lease/,0,0,0,0.8,8590000,"18,18,100,100,18,63,100,63,63,63,63,18",2025-09-01,"Sitelinks, Image, People also ask, Related searches",commercial,Organic
leasing a laptop computer,23,23,70,22,1.22,https://meetingtomorrow.com/toronto/computer-rentals/,0,0,0,0.8,8590000,"18,18,100,100,18,63,100,63,63,63,63,18",2025-09-01,"Sitelinks, Image, People also ask, Related searches",commercial,Organic
audio visual ottawa,27,27,70,46,1.87,https://meetingtomorrow.com/ottawa/audio-visual-rentals/,0,0,0,0.06,4140000,"9,9,9,9,9,9,52,52,52,52,52,52",2025-08-30,"Local pack, Image pack, Sitelinks, Image, People also ask, Related searches",commercial,Organic
audio visual ottawa,97,97,70,46,1.87,https://meetingtomorrow.com/ottawa/audio-visual-rentals/,0,0,0,0.06,4140000,"9,9,9,9,9,9,52,52,52,52,52,52",2025-08-30,"Local pack, Image pack, Sitelinks, Image, People also ask, Related searches",commercial,Image pack
how to hook up a projector to a laptop,19,19,90,29,0,https://meetingtomorrow.com/blog/how-to-connect-a-laptop-to-a-projector/,0,0,0,0,63400000,"63,81,100,100,81,81,81,63,81,63,63,63",2025-08-24,"Image pack, Video, Featured snippet, People also ask, Related searches, Discussions and forums",informational,Organic
av rent,22,22,110,41,0,https://meetingtomorrow.com/montreal/audio-visual-rentals/,0,0,0,0,126000000,"64,64,64,52,52,64,100,82,82,52,64,100",2025-09-06,"Local pack, Image pack, Sitelinks, Video, Image, People also ask, Related searches",commercial,Organic
av rent,39,39,110,41,0,https://meetingtomorrow.com/ottawa/audio-visual-rentals/,0,0,0,0,126000000,"64,64,64,52,52,64,100,82,82,52,64,100",2025-09-06,"Local pack, Image pack, Sitelinks, Video, Image, People also ask, Related searches",commercial,Organic
how to prepare minutes of meeting,89,89,110,25,1.15,https://meetingtomorrow.com/blog/how-to-prepare-minutes-for-a-meeting/,0,0,0,0.38,230000000,"52,42,66,66,66,33,52,80,66,42,52,52",2025-08-28,"Image pack, Video, Related searches, AI overview",informational,Organic
cheap stage lighting,70,70,70,11,0,https://meetingtomorrow.com/blog/affordable-stage-lighting/,0,0,0,1,25300000,"6,6,6,6,6,6,28,53,100,21,6,6",2025-08-25,"Image pack, Sitelinks, Video, Image, Popular products, Related searches, Discussions and forums",commercial,Organic
how do you chair a meeting,87,87,50,28,0,https://meetingtomorrow.com/blog/how-to-chair-a-successful-meeting/,0,0,0,0.01,449000000,"35,35,64,50,50,35,50,50,50,50,50,14",2025-09-04,"Sitelinks, Video, Related searches, Discussions and forums, AI overview",informational,Organic
lenovo laptop rent,16,16,50,8,0,https://meetingtomorrow.com/laptop-computer-rentals/lenovo/,0,0,0,0,14300000,"18,18,18,18,18,18,100,18,100,100,100,18",2025-08-21,"Image pack, Image, Related searches, AI overview",informational,Organic
lenovo laptop rent,51,51,50,8,0,https://meetingtomorrow.com/calgary/computer-rentals/,0,0,0,0,14300000,"18,18,18,18,18,18,100,18,100,100,100,18",2025-08-21,"Image pack, Image, Related searches, AI overview",informational,Organic
projector screen length,22,22,170,26,0.74,https://meetingtomorrow.com/blog/how-to-choose-a-projector-screen/,0,0,0,0.54,68000000,"65,53,65,80,65,65,65,53,65,53,53,53",2025-08-30,"Image pack, Sitelinks, Video, People also ask, Popular products, Related searches, AI overview",informational,Organic
how to monitor computer temperature,74,74,170,52,0,https://meetingtomorrow.com/blog/how-can-i-monitor-my-laptop-temperature/,0,0,0,0,184000000,"100,80,80,66,66,80,80,66,80,66,66,66",2025-08-25,"Sitelinks, Video, Related searches, Discussions and forums, AI overview",informational,Organic
projector screen measurement,42,42,70,24,0.74,https://meetingtomorrow.com/blog/how-to-choose-a-projector-screen/,0,0,0,0.54,20500000,"63,81,63,81,45,45,81,81,27,36,63,9",2025-09-07,"Image pack, Sitelinks, Video, Video Carousel, Popular products, Related searches, AI overview",informational,Organic
movie screen dimensions,36,36,170,20,0.74,https://meetingtomorrow.com/blog/how-to-choose-a-projector-screen/,0,0,0,0.54,245000000,"65,53,65,80,65,65,65,53,53,53,53,53",2025-08-24,"Sitelinks, Video, People also ask, Popular products, Related searches, AI overview","commercial, informational",Organic
first laptop,35,35,170,62,0,https://meetingtomorrow.com/blog/who-invented-the-laptop-computer/,0,0,0,0,1990000000,"43,43,65,53,53,53,53,43,43,65,43,43",2025-08-24,"Sitelinks, Video, Image, People also ask, Popular products, Related searches, AI overview",informational,Organic
computer on rent,16,16,170,10,1.5,https://meetingtomorrow.com/computer-rentals/,0,0,0,0.3,811000000,"53,65,80,53,65,65,80,80,100,80,65,53",2025-08-27,"Local pack, Image pack, Sitelinks, Video, Related searches, AI overview",informational,Organic
computer on rent,97,97,170,10,1.5,https://meetingtomorrow.com/montreal/computer-rentals/,0,0,0,0.3,811000000,"53,65,80,53,65,65,80,80,100,80,65,53",2025-08-27,"Local pack, Image pack, Sitelinks, Video, Related searches, AI overview",informational,Image pack
connect a laptop to tv,60,60,50,32,0,https://meetingtomorrow.com/blog/how-to-connect-a-laptop-to-a-tv/,0,0,0,0.22,303000000,"45,45,45,45,100,81,45,45,45,45,45,63",2025-09-12,"Video, People also ask, Related searches, AI overview",informational,Organic
av services,50,50,90,27,2.28,https://meetingtomorrow.com/calgary/audio-visual-rentals/,0,0,0,0.12,930000000,"17,64,23,29,29,5,17,64,82,82,64,100",2025-08-23,"Knowledge panel, Image pack, Sitelinks, Image, People also ask, Related searches",commercial,Organic
av services,86,86,90,27,2.28,https://meetingtomorrow.com/montreal/audio-visual-rentals/,0,0,0,0.12,930000000,"17,64,23,29,29,5,17,64,82,82,64,100",2025-08-23,"Knowledge panel, Image pack, Sitelinks, Image, People also ask, Related searches",commercial,Organic
rent a laptop near me,12,12,50,14,0.9,https://meetingtomorrow.com/montreal/computer-rentals/,0,0,0,0.59,258000000,"18,18,36,36,27,9,45,45,81,100,45,45",2025-09-01,"Local pack, Sitelinks, People also ask, FAQ, Related searches, AI overview",transactional,Organic
rent a laptop near me,30,30,50,14,0.9,https://meetingtomorrow.com/vancouver/computer-rentals/,0,0,0,0.59,258000000,"18,18,36,36,27,9,45,45,81,100,45,45",2025-09-01,"Local pack, Sitelinks, People also ask, FAQ, Related searches, AI overview",transactional,Organic
rent gaming desktop,36,36,70,4,0.99,https://meetingtomorrow.com/computer-rentals/bulk-desktop/,0,0,0,0.27,10,"50,50,64,100,64,50,64,50,50,14,50,50",2025-11-08,"Image pack, Sitelinks, Video, Image, Related searches","informational, transactional",Organic
how to connect macbook to projector,16,16,70,33,0,https://meetingtomorrow.com/blog/how-to-connect-a-mac-to-a-projector/,0,0,0,0.14,16900000,"42,15,42,42,42,42,42,19,7,26,26,7",2025-09-04,"Image pack, Sitelinks, Video, People also ask, Related searches, Discussions and forums, AI overview",informational,Organic
how do i connect projector to laptop,32,32,90,26,0,https://meetingtomorrow.com/blog/how-to-connect-a-laptop-to-a-projector/,0,0,0,0,54300000,"63,81,100,100,81,81,81,63,81,63,63,81",2025-09-03,"Video, Related searches, AI overview",informational,Organic
what are tablet computers,68,68,110,50,0,https://meetingtomorrow.com/blog/understanding-tablet-pcs/,0,0,0,0.03,479000000,"78,64,78,78,100,100,78,78,78,78,78,78",2025-09-07,"Knowledge panel, Sitelinks, Video, Video Carousel, Popular products, Related searches, AI overview",informational,Organic
how to use projector,53,53,50,34,0,https://meetingtomorrow.com/blog/how-to-connect-a-laptop-to-a-projector/,0,0,0,0.02,113000000,"23,33,19,23,23,23,23,23,23,19,19,23",2025-08-30,"Video, Featured snippet, People also ask, Related searches, Discussions and forums",informational,Organic
av calgary,29,29,90,27,3.95,https://meetingtomorrow.com/calgary/audio-visual-rentals/,0,0,0,0.29,6000000,"64,100,64,78,64,78,50,64,50,78,78,64",2025-09-04,"Local pack, Image pack, Sitelinks, Image, People also ask, Related searches",commercial,Organic
av calgary,84,84,90,27,3.95,https://meetingtomorrow.com/calgary/event-productions/,0,0,0,0.29,6000000,"64,100,64,78,64,78,50,64,50,78,78,64",2025-09-04,"Local pack, Image pack, Sitelinks, Image, People also ask, Related searches",commercial,Organic
av production companies,38,38,50,56,1.93,https://meetingtomorrow.com/ottawa/audio-visual-rentals/,0,0,0,0.15,270000000,"11,22,100,22,22,22,22,22,100,100,100,77",2025-09-01,"Local pack, Image pack, Video, Image, People also ask, Related searches",commercial,Organic
av production companies,58,58,50,56,1.93,https://meetingtomorrow.com/montreal/audio-visual-rentals/,0,0,0,0.15,270000000,"11,22,100,22,22,22,22,22,100,100,100,77",2025-09-01,"Local pack, Image pack, Video, Image, People also ask, Related searches",commercial,Organic
connecting a pc to tv,46,46,50,40,0,https://meetingtomorrow.com/blog/how-to-connect-a-laptop-to-a-tv/,0,0,0,0.28,88100000,"77,77,77,77,100,77,0,0,77,77,22,77",2025-09-12,"Sitelinks, Video, People also ask, Related searches, Discussions and forums, AI overview",informational,Organic
television rental,15,15,110,8,1.65,https://meetingtomorrow.com/montreal/monitor-rentals/,0,0,0,0.08,2100000000,"0,0,0,0,0,66,80,66,80,80,100,66",2025-08-27,"Local pack, Image pack, People also ask, Related searches","informational, transactional",Organic
television rental,29,29,110,8,1.65,https://meetingtomorrow.com/toronto/monitor-rentals/,0,0,0,0.08,2100000000,"0,0,0,0,0,66,80,66,80,80,100,66",2025-08-27,"Local pack, Image pack, People also ask, Related searches","informational, transactional",Organic
television rental,96,96,110,8,1.65,https://meetingtomorrow.com/montreal/monitor-rentals/,0,0,0,0.08,2100000000,"0,0,0,0,0,66,80,66,80,80,100,66",2025-08-27,"Local pack, Image pack, People also ask, Related searches","informational, transactional",Image pack
event production,29,29,110,29,1.71,https://meetingtomorrow.com/montreal/event-productions/,0,0,0,0.13,1990000000,"42,53,34,26,26,19,34,53,53,34,42,34",2025-08-18,"Local pack, Image pack, Sitelinks, People also ask, Related searches, AI overview",commercial,Organic
event production,53,53,110,29,1.71,https://meetingtomorrow.com/vancouver/event-productions/,0,0,0,0.13,1990000000,"42,53,34,26,26,19,34,53,53,34,42,34",2025-08-18,"Local pack, Image pack, Sitelinks, People also ask, Related searches, AI overview",commercial,Organic
atari 8 bit computers,73,73,50,36,0,https://meetingtomorrow.com/blog/classic-8-bit-computers/,0,0,0,0.02,1910000,"0,45,36,63,36,27,27,63,81,81,45,18",2025-08-19,"Knowledge panel, Sitelinks, Video, People also ask, Popular products, Related searches","informational, transactional",Organic
led video walls for events,38,38,110,9,0,https://meetingtomorrow.com/blog/led-video-wall-info/,0,0,0,0,297000000,"63,100,100,81,81,100",2025-08-19,"Image pack, Video, Video Carousel, People also ask, Popular products, Related searches, AI overview",commercial,Organic
led video walls for events,87,87,110,9,0,https://meetingtomorrow.com/blog/led-video-wall-info/,0,0,0,0,297000000,"63,100,100,81,81,100",2025-08-19,"Image pack, Video, Video Carousel, People also ask, Popular products, Related searches, AI overview",commercial,Image pack
mcmedia av services ltd,52,52,90,24,0,https://meetingtomorrow.com/vancouver/audio-visual-rentals/,0,0,0,0.07,65,"52,42,52,33,33,33,33,33,33,42,52,52",2025-09-05,"Knowledge panel, Sitelinks, Related searches",navigational,Organic
tv rental,17,17,140,8,0.66,https://meetingtomorrow.com/montreal/monitor-rentals/,0,0,0,0.08,1480000000,"5,4,4,4,4,8,10,10,5,8,5,36",2025-09-11,"Local pack, People also ask, Related searches, AI overview",commercial,Organic
computer terms,80,80,110,41,0,https://meetingtomorrow.com/blog/computer-glossary/,0,0,0,0,3590000000,"66,80,66,42,52,33,52,42,52,66,42,52",2025-09-09,"Image pack, Sitelinks, Video, People also ask, Related searches, AI overview",informational,Organic
what is computer tablet,28,28,110,36,0,https://meetingtomorrow.com/blog/understanding-tablet-pcs/,0,0,0,0.2,2890000000,"78,64,78,78,100,100,78,78,100,78,14,14",2025-09-07,"Knowledge panel, Sitelinks, Video, Related searches, AI overview",informational,Organic
projector screen measurements,25,25,90,24,0.74,https://meetingtomorrow.com/blog/how-to-choose-a-projector-screen/,0,0,0,0.54,23400000,"42,34,34,34,42,34,42,34,42,15,26,34",2025-09-07,"Image pack, Sitelinks, Video, Related searches, AI overview","commercial, informational",Organic
projector rentals calgary,28,28,50,3,1.55,https://meetingtomorrow.com/calgary/monitor-rentals/,0,0,0,0.46,53900,"26,42,42,7,42,7,7,7,7,7,7,7",2025-08-25,"Knowledge panel, Image pack, Sitelinks, Video, Image, Related searches",commercial,Organic
rent hp laptop,9,9,70,11,0,https://meetingtomorrow.com/laptop-computer-rentals/hp/,0,0,0,0,6730000,"14,14,14,14,14,78,78,78,78,100,100,64",2025-09-03,"Image pack, Image, Related searches","informational, transactional",Organic
rent hp laptop,60,60,70,11,0,https://meetingtomorrow.com/long-beach/computer-rentals/,0,0,0,0,6730000,"14,14,14,14,14,78,78,78,78,100,100,64",2025-09-03,"Image pack, Image, Related searches","informational, transactional",Organic
connection for laptop to tv,64,64,140,41,0,https://meetingtomorrow.com/blog/how-to-connect-a-laptop-to-a-tv/,0,0,0,0.22,393000000,"80,80,80,0,0,100,80,100,80,66,66,66",2025-08-25,"Image pack, Video, Related searches, AI overview",informational,Organic
how to connect laptop to projector,29,29,70,24,0,https://meetingtomorrow.com/blog/how-to-connect-a-laptop-to-a-projector/,0,0,0,0.01,55700000,"23,33,33,33,52,33,33,9,9,52,52,23",2025-08-17,"Video, Featured snippet, People also ask, Related searches",informational,Organic
how can i hook up my laptop to my tv,37,37,70,48,0,https://meetingtomorrow.com/blog/how-to-connect-a-laptop-to-a-tv/,0,0,0,0.02,329000000,"78,50,50,50,50,50,50,50,50,50,50,14",2025-08-22,"Sitelinks, Video, Related searches, Discussions and forums, AI overview",informational,Organic
led wall for conferences,38,38,70,3,0,https://meetingtomorrow.com/blog/led-video-wall-info/,0,0,0,0,151000000,"35,78,100,50,21,28",2025-08-25,"Image pack, Sitelinks, Video, People also ask, Popular products, Related searches, Discussions and forums",commercial,Organic
led wall for conferences,53,53,70,3,0,https://meetingtomorrow.com/blog/led-video-wall-info/,0,0,0,0,151000000,"35,78,100,50,21,28",2025-08-25,"Image pack, Sitelinks, Video, People also ask, Popular products, Related searches, Discussions and forums",commercial,Image pack
what is a tablet pc,15,15,110,39,0,https://meetingtomorrow.com/blog/understanding-tablet-pcs/,0,0,0,0,1890000000,"52,52,66,66,66,100,66,66,80,9,9,23",2025-09-08,"Instant answer, Knowledge panel, Sitelinks, Video, People also ask, Related searches, Buying guide, AI overview",informational,Organic
connect pc to television,39,39,70,40,0,https://meetingtomorrow.com/blog/how-to-connect-a-laptop-to-a-tv/,0,0,0,0.15,492000000,"64,50,50,50,50,64,50,50,50,50,50,14",2025-09-07,"Image pack, Sitelinks, Video, Related searches, AI overview",informational,Organic
how to prepare minutes,38,38,140,34,0.62,https://meetingtomorrow.com/blog/how-to-prepare-minutes-for-a-meeting/,0,0,0,0.1,1130000000,"65,53,65,65,53,42,65,53,65,53,53,42",2025-08-28,"Image pack, Sitelinks, Video, Related searches, Discussions and forums, AI overview",informational,Organic
how to connect the computer to tv,35,35,110,46,0,https://meetingtomorrow.com/blog/how-to-connect-a-laptop-to-a-tv/,0,0,0,0.05,487000000,"64,78,78,78,78,100,100,50,78,64,64,64",2025-08-22,"Sitelinks, Video, Related searches, Discussions and forums, AI overview",informational,Organic
av rentals toronto,11,11,110,11,1.83,https://meetingtomorrow.com/toronto/audio-visual-rentals/,0,0,0,0.25,10,"52,64,64,52,41,41,41,52,100,100,82,82",2025-11-09,"Knowledge panel, Image pack, Sitelinks, Video, Image, People also ask, Related searches",informational,Organic
av rentals toronto,30,0,110,11,1.83,https://meetingtomorrow.com/toronto/audio-visual-services/,0,0,0,0.25,10,"52,64,64,52,41,41,41,52,100,100,82,82",2025-11-09,"Knowledge panel, Image pack, Sitelinks, Video, Image, People also ask, Related searches",informational,Organic
calculate screen size for projector,70,70,70,21,0,https://meetingtomorrow.com/blog/how-to-choose-a-projector-screen/,0,0,0,0.04,3860000,"0,63,81,100,81,81,81,63,81,63,63,18",2025-08-28,"Image pack, Sitelinks, Video, People also ask, Related searches, AI overview",commercial,Organic
how to connect computer to a tv,71,71,110,46,0,https://meetingtomorrow.com/blog/how-to-connect-a-laptop-to-a-tv/,0,0,0,0.05,415000000,"78,64,78,100,100,100,100,78,78,78,78,78",2025-08-29,"Sitelinks, Video, Related searches, Discussions and forums, AI overview",informational,Organic
nationwide audio,19,19,90,20,0,https://meetingtomorrow.com/audio-visual-services/,0,0,0,0.04,44700000,"64,50,78,78,64,50,78,50,78,64,64,14",2025-08-31,"Knowledge panel, Image pack, Sitelinks, Video, People also ask, Related searches",informational,Organic
nationwide audio,62,62,90,20,0,https://meetingtomorrow.com/audio-visual-services/agency-solutions/,0,0,0,0.04,44700000,"64,50,78,78,64,50,78,50,78,64,64,14",2025-08-31,"Knowledge panel, Image pack, Sitelinks, Video, People also ask, Related searches",informational,Organic
walking in songs,21,21,70,26,0,https://meetingtomorrow.com/blog/corporate-event-walk-on-songs/,0,0,0,0,687000000,"0,0,0,17,64,64,100,64,82,64,0,0",2025-08-18,"Sitelinks, Video, People also ask, Related searches, Discussions and forums, AI overview",informational,Organic
who invented who invented,88,88,390,48,0,https://meetingtomorrow.com/blog/who-invented-the-laptop-computer/,0,0,0,0,72000000,"44,35,44,54,54,66,81,54,81,100,81,54",2025-08-29,"Knowledge panel, Sitelinks, Video, People also ask, Related searches, AI overview",informational,Organic
tv for rent,17,17,90,6,1.65,https://meetingtomorrow.com/montreal/monitor-rentals/,0,0,0,0.08,828000000,"0,0,0,0,1,4,8,2,1,1,8,8",2025-08-30,"Local pack, Image pack, Video, Image, People also ask, Related searches","informational, transactional",Organic
tv for rent,34,34,90,6,1.65,https://meetingtomorrow.com/toronto/monitor-rentals/,0,0,0,0.08,828000000,"0,0,0,0,1,4,8,2,1,1,8,8",2025-08-30,"Local pack, Image pack, Video, Image, People also ask, Related searches","informational, transactional",Organic
tv for rent,97,97,90,6,1.65,https://meetingtomorrow.com/montreal/monitor-rentals/,0,0,0,0.08,828000000,"0,0,0,0,1,4,8,2,1,1,8,8",2025-08-30,"Local pack, Image pack, Video, Image, People also ask, Related searches","informational, transactional",Image pack
how to check notebook temperature,59,59,110,50,0,https://meetingtomorrow.com/blog/how-can-i-monitor-my-laptop-temperature/,0,0,0,0,9770000,"100,100,78,64,64,100,64,50,64,78,78,78",2025-09-04,"Image pack, Sitelinks, Video, Related searches, AI overview",informational,Organic
connect laptop and tv,47,47,140,45,0,https://meetingtomorrow.com/blog/how-to-connect-a-laptop-to-a-tv/,0,0,0,0.22,294000000,"80,80,80,0,0,100,100,66,80,66,52,52",2025-08-25,"Image pack, Video, Related searches, AI overview",informational,Organic
minutes meaning in meeting,86,86,210,46,0,https://meetingtomorrow.com/blog/how-to-prepare-minutes-for-a-meeting/,0,0,0,0,694000000,"65,81,65,81,81,53,81,53,53,53,65,53",2025-09-11,"Image pack, Sitelinks, Video, People also ask, Related searches, AI overview",informational,Organic
cine audio visual,61,61,170,31,6.08,https://meetingtomorrow.com/calgary/audio-visual-rentals/,0,0,0,0.08,102000000,"42,42,80,100,65,42,53,53,53,53,80,100",2025-09-03,"Local pack, Image pack, Sitelinks, Video, Related searches","commercial, navigational",Organic
cinema screen dimensions,42,42,170,26,0.74,https://meetingtomorrow.com/blog/how-to-choose-a-projector-screen/,0,0,0,0.54,27000000,"65,53,65,80,65,65,65,53,65,53,53,53",2025-08-24,"Image pack, Sitelinks, Video, Image, Related searches, AI overview",informational,Organic
av equipment,73,73,480,36,2.78,https://meetingtomorrow.com/toronto/audio-visual-rentals/,0,0,0,0.24,391000000,"66,66,81,81,54,100,100,81,100,81,66,100",2025-09-29,"Local pack, Sitelinks, Featured snippet, Video Carousel, People also ask, Related searches",commercial,Organic
podium rentals,39,39,50,8,0.76,https://meetingtomorrow.com/presentation-equipment-rentals/podiums/,0,0,0,0.38,23300000,"33,44,22,55,44,55,100,44,77,55,77,100",2025-08-19,"Knowledge panel, Image pack, Sitelinks, Video, People also ask, Related searches",navigational,Image pack
podium rentals,43,43,50,8,0.76,https://meetingtomorrow.com/presentation-equipment-rentals/podiums/,0,0,0,0.38,23300000,"33,44,22,55,44,55,100,44,77,55,77,100",2025-08-19,"Knowledge panel, Image pack, Sitelinks, Video, People also ask, Related searches",navigational,Organic
audio mixer amplifier,44,44,140,18,0.33,https://meetingtomorrow.com/blog/av-basics-mixers-and-amplifiers/,0,0,0,1,15000000,"66,66,52,52,66,66,66,66,66,52,52,52",2025-09-04,"Image pack, Video, Image, People also ask, Popular products, Related searches, Discussions and forums","informational, transactional",Organic
to connect a laptop to a tv,60,60,170,42,0,https://meetingtomorrow.com/blog/how-to-connect-a-laptop-to-a-tv/,0,0,0,0.22,256000000,"80,80,80,80,100,100,80,80,80,66,66,66",2025-08-30,"Sitelinks, Video, Related searches, Discussions and forums, AI overview","commercial, informational",Organic
macbook rent,10,10,50,5,1.22,https://meetingtomorrow.com/toronto/computer-rentals/,0,0,0,0.16,40600000,"45,27,27,36,18,63,63,36,45,45,18,100",2025-09-01,"Image pack, Sitelinks, Video, People also ask, Related searches, AI overview",commercial,Organic
macbook rent,29,29,50,5,1.22,https://meetingtomorrow.com/montreal/computer-rentals/,0,0,0,0.16,40600000,"45,27,27,36,18,63,63,36,45,45,18,100",2025-09-01,"Image pack, Sitelinks, Video, People also ask, Related searches, AI overview",commercial,Organic
how to measure laptop temperature,38,38,110,52,0,https://meetingtomorrow.com/blog/how-can-i-monitor-my-laptop-temperature/,0,0,0,0,33900000,"53,53,42,34,34,53,42,34,42,42,42,42",2025-09-09,"Image pack, Sitelinks, Video, People also ask, Related searches, AI overview",informational,Organic
projector large,94,94,50,23,0.41,https://meetingtomorrow.com/blog/how-to-choose-a-projector-screen/,0,0,0,0.98,103000000,"18,18,18,18,18,18,100,100,100,100,18,18",2025-08-19,"Image pack, Sitelinks, Video, Image, People also ask, Popular products, Related searches","commercial, informational",Organic
led wall screen rental,72,72,50,14,0,https://meetingtomorrow.com/montreal/monitor-rentals/,0,0,0,0.01,25800000,"14,0,14,0,14,0,50,78,100,64,28,35",2025-09-05,"Local pack, Image pack, Sitelinks, Video, People also ask, Popular products, Related searches",transactional,Organic
huge projector screen,73,73,170,10,0.56,https://meetingtomorrow.com/blog/how-to-choose-a-projector-screen/,0,0,0,1,13100000,"28,23,100,100,35,28,28,28,23,28,23,28",2025-09-06,"Image pack, Sitelinks, Video, People also ask, Popular products, Related searches",transactional,Organic
a v rental,23,23,50,34,0,https://meetingtomorrow.com/montreal/audio-visual-rentals/,0,0,0,0,290000000,"52,42,52,42,33,19,33,0,0,0,0,0",2025-09-02,"Local pack, Sitelinks, Image, People also ask, Related searches",commercial,Organic
a v rental,33,33,50,34,0,https://meetingtomorrow.com/ottawa/audio-visual-rentals/,0,0,0,0,290000000,"52,42,52,42,33,19,33,0,0,0,0,0",2025-09-02,"Local pack, Sitelinks, Image, People also ask, Related searches",commercial,Organic
how to connect projector to laptop,27,27,90,33,0,https://meetingtomorrow.com/blog/how-to-connect-a-laptop-to-a-projector/,0,0,0,0.02,57100000,"66,66,52,42,42,33,42,33,33,42,42,33",2025-10-21,"Image pack, Video, Featured snippet, Video Carousel, People also ask, Related searches",informational,Organic
screen with projector,80,80,260,31,0.73,https://meetingtomorrow.com/blog/how-to-choose-a-projector-screen/,0,0,0,1,168000000,"29,23,23,29,29,44,66,19,23,100,15,36",2025-09-09,"Image pack, Sitelinks, Video, Image, People also ask, Popular products, Related searches","informational, transactional",Organic
mic feedback,29,29,70,29,0,https://meetingtomorrow.com/blog/prevent-microphone-feedback/,0,0,0,0.02,134000000,"29,41,41,52,52,41,52,17,29,100,11,11",2025-09-05,"Image pack, Sitelinks, Video, Related searches, Discussions and forums, AI overview",informational,Organic
pc television connection,67,67,70,34,0,https://meetingtomorrow.com/blog/how-to-connect-a-laptop-to-a-tv/,0,0,0,0.15,1570000000,"64,50,50,50,50,64,50,50,50,50,50,14",2025-08-27,"Sitelinks, Video, Popular products, Related searches, AI overview",informational,Organic
computer rental near me,11,11,110,27,1.15,https://meetingtomorrow.com/toronto/computer-rentals/,0,0,0,0.32,262000000,"43,34,34,34,28,34,43,34,43,34,34,34",2025-09-12,"Local pack, Sitelinks, People also ask, Related searches",transactional,Organic
computer rental near me,24,24,110,27,1.15,https://meetingtomorrow.com/montreal/computer-rentals/,0,0,0,0.32,262000000,"43,34,34,34,28,34,43,34,43,34,34,34",2025-09-12,"Local pack, Sitelinks, People also ask, Related searches",transactional,Organic
how to check laptop temp,50,50,110,54,0,https://meetingtomorrow.com/blog/how-can-i-monitor-my-laptop-temperature/,0,0,0,0,101000000,"78,78,78,50,50,100,78,64,64,78,64,78",2025-09-09,"Sitelinks, Video, People also ask, Related searches, AI overview",informational,Organic
lease computer equipment,67,67,70,20,0,https://meetingtomorrow.com/laptop-computer-lease/,0,0,0,0.14,28300000,"100,82,7,5,5,5,5,5,5,5,5,5",2025-09-04,"Local pack, Image pack, Sitelinks, People also ask, Related searches","commercial, informational",Organic
lease computer equipment,99,99,70,20,0,https://meetingtomorrow.com/ottawa/computer-rentals/,0,0,0,0.14,28300000,"100,82,7,5,5,5,5,5,5,5,5,5",2025-09-04,"Local pack, Image pack, Sitelinks, People also ask, Related searches","commercial, informational",Organic
how do you project from laptop to tv,57,57,50,44,0,https://meetingtomorrow.com/blog/how-to-connect-a-laptop-to-a-tv/,0,0,0,0.02,301000000,"14,14,14,14,14,78,78,78,78,14,50,14",2025-09-02,"Video, Related searches, AI overview",informational,Organic
rent laptop computer,30,30,70,29,1.31,https://meetingtomorrow.com/toronto/computer-rentals/,0,0,0,0.22,52900000,"28,35,35,35,35,0,100,64,78,64,50,35",2025-08-26,"Local pack, Image pack, Sitelinks, Image, Related searches",informational,Organic
rent laptop computer,41,41,70,29,1.31,https://meetingtomorrow.com/laptop-computer-rentals/,0,0,0,0.22,52900000,"28,35,35,35,35,0,100,64,78,64,50,35",2025-08-26,"Local pack, Image pack, Sitelinks, Image, Related searches",informational,Organic
rent laptop computer,89,89,70,29,1.31,https://meetingtomorrow.com/laptop-computer-rentals/,0,0,0,0.22,52900000,"28,35,35,35,35,0,100,64,78,64,50,35",2025-08-26,"Local pack, Image pack, Sitelinks, Image, Related searches",informational,Image pack
laptop computer rental,26,26,170,23,1.31,https://meetingtomorrow.com/ottawa/computer-rentals/,0,0,0,0.22,55600000,"21,28,28,28,53,100,100,43,53,53,65,6",2025-08-27,"Local pack, Image pack, Sitelinks, Image, People also ask, Related searches",commercial,Organic
laptop computer rental,53,53,170,23,1.31,https://meetingtomorrow.com/toronto/computer-rentals/,0,0,0,0.22,55600000,"21,28,28,28,53,100,100,43,53,53,65,6",2025-08-27,"Local pack, Image pack, Sitelinks, Image, People also ask, Related searches",commercial,Organic
laptop computer rental,92,92,170,23,1.31,https://meetingtomorrow.com/toronto/computer-rentals/,0,0,0,0.22,55600000,"21,28,28,28,53,100,100,43,53,53,65,6",2025-08-27,"Local pack, Image pack, Sitelinks, Image, People also ask, Related searches",commercial,Image pack
how can i make a conference call,55,55,50,32,0,https://meetingtomorrow.com/blog/how-to-make-a-conference-call/,0,0,0,0.01,1060000000,"19,23,33,33,33,33,33,9,33,33,9,9",2025-09-09,"Video, People also ask, Related searches, Short videos, AI overview",informational,Organic
feedback on mic,31,31,50,26,0,https://meetingtomorrow.com/blog/prevent-microphone-feedback/,0,0,0,0.02,86000000,"23,33,23,33,33,33,33,9,52,52,9,9",2025-09-03,"Image pack, Sitelinks, Video, Featured snippet, People also ask, Related searches, Discussions and forums",informational,Organic
how to check the laptop temperature,54,54,110,53,0,https://meetingtomorrow.com/blog/how-can-i-monitor-my-laptop-temperature/,0,0,0,0,62200000,"100,100,78,64,64,100,78,64,78,78,78,78",2025-08-23,"Sitelinks, Video, Related searches, AI overview",informational,Organic
when were laptops made,19,19,90,64,0,https://meetingtomorrow.com/blog/who-invented-the-laptop-computer/,0,0,0,0,149000000,"26,34,34,26,34,34,26,26,42,53,42,26",2025-09-12,"Sitelinks, Video, People also ask, Related searches, AI overview",informational,Organic
speaker rental ottawa,23,23,50,10,0.97,https://meetingtomorrow.com/ottawa/audio-visual-rentals/,0,0,0,0.24,1170000,"18,27,18,27,27,18,18,100,100,27,18,100",2025-09-01,"Local pack, Image pack, Image, Related searches",commercial,Organic
how to take notes in a meeting,64,64,50,43,1.2,https://meetingtomorrow.com/blog/how-to-take-notes-at-a-meeting/,0,0,0,0.33,843000000,"18,36,18,81,63,36,63,63,63,45,63,18",2025-08-19,"Image pack, Sitelinks, Video, People also ask, Related searches, Discussions and forums, AI overview",informational,Organic
screen projector screen,93,93,320,22,0.73,https://meetingtomorrow.com/blog/how-to-choose-a-projector-screen/,0,0,0,1,159000000,"0,0,0,0,0,0,0,0,0,0,0,100",2025-09-02,"Image pack, Sitelinks, Video, Image, Popular products, Related searches","informational, transactional",Organic
how can you connect laptop to tv,62,62,260,49,0,https://meetingtomorrow.com/blog/how-to-connect-a-laptop-to-a-tv/,0,0,0,0.01,346000000,"81,0,0,0,81,0,0,54,81,100,81,54",2025-09-07,"Video, Related searches, Discussions and forums, AI overview",informational,Organic
projection on screen,80,80,320,28,0.73,https://meetingtomorrow.com/blog/how-to-choose-a-projector-screen/,0,0,0,1,148000000,"66,54,54,54,66,100,100,81,43,66,81,54",2025-09-02,"Image pack, Sitelinks, Video, People also ask, Related searches",informational,Organic
how to connect from computer to tv,70,70,110,41,0,https://meetingtomorrow.com/blog/how-to-connect-a-laptop-to-a-tv/,0,0,0,0.05,436000000,"64,78,78,78,78,100,78,78,64,78,64,78",2025-08-29,"Sitelinks, Video, People also ask, Related searches, Discussions and forums, AI overview",informational,Organic
connect laptop tv,66,66,140,46,0,https://meetingtomorrow.com/blog/how-to-connect-a-laptop-to-a-tv/,0,0,0,0.22,286000000,"80,80,80,0,0,100,100,42,80,80,80,52",2025-08-25,"Video, Related searches, AI overview",informational,Organic
event companies vancouver,50,50,210,32,1.63,https://meetingtomorrow.com/vancouver/event-productions/,0,0,0,0.4,193000000,"66,43,54,6,43,81,66,8,43,43,43,4",2025-09-12,"Local pack, Image, Related searches",commercial,Organic
how to connect the tv to the computer,54,54,140,49,0,https://meetingtomorrow.com/blog/how-to-connect-a-laptop-to-a-tv/,0,0,0,0.03,510000000,"53,53,42,53,53,65,53,42,42,53,53,42",2025-09-10,"Sitelinks, Video, Featured snippet, People also ask, Related searches",informational,Organic
good walk out songs,33,33,110,14,0,https://meetingtomorrow.com/blog/corporate-event-walk-on-songs/,0,0,0,0,944000000,"52,80,80,52,33,33,33,52,52,42,100,66",2025-09-08,"Image pack, Sitelinks, Video, People also ask, Related searches, Discussions and forums, AI overview",informational,Organic
hex code chart,77,77,90,91,0,https://meetingtomorrow.com/blog/hex-color-code-chart-for-websites/,0,0,0,0,54000000,"63,100,81,81,100,81,100,100,81,100,63,63",2025-09-09,"Image pack, Sitelinks, Video, Image, Related searches","informational, transactional",Organic
display mirror mac,1,0,70,30,0,https://meetingtomorrow.com/blog/how-to-connect-a-laptop-to-a-tv/,0,0,0,0,10,"64,64,41,41,41,41,52,41,41,11,29,11",2025-11-09,"Image pack, Video, Video Carousel, People also ask, Related searches, AI overview",informational,People also ask
how to connect the projector to laptop,19,19,90,32,0,https://meetingtomorrow.com/blog/how-to-connect-a-laptop-to-a-projector/,0,0,0,0,54100000,"33,42,52,52,33,52,42,33,42,33,33,42",2025-09-04,"Image pack, Video, Featured snippet, Related searches",informational,Organic
how to connect the projector to laptop,65,65,90,32,0,https://meetingtomorrow.com/blog/how-to-connect-a-laptop-to-a-projector/,0,0,0,0,54100000,"33,42,52,52,33,52,42,33,42,33,33,42",2025-09-04,"Image pack, Video, Featured snippet, Related searches",informational,Image pack
how to connect the tv to the laptop,43,43,50,42,0,https://meetingtomorrow.com/blog/how-to-connect-a-laptop-to-a-tv/,0,0,0,0,315000000,"11,64,11,11,52,11,100,23,64,11,11,11",2025-08-16,"Image pack, Video, Featured snippet, Related searches, Discussions and forums",informational,Organic
gelber conference center,34,34,90,11,0,https://meetingtomorrow.com/montreal/event-productions/,0,0,0,0.15,92,"5,5,43,12,28,17,5,17,12,28,53,66",2025-08-20,"Knowledge panel, Image pack, Video, People also ask, Related searches",navigational,Organic
gelber conference center,47,47,90,11,0,https://meetingtomorrow.com/montreal/hybrid-event-production/,0,0,0,0.15,92,"5,5,43,12,28,17,5,17,12,28,53,66",2025-08-20,"Knowledge panel, Image pack, Video, People also ask, Related searches",navigational,Organic
rent computer,12,12,90,21,1.45,https://meetingtomorrow.com/toronto/computer-rentals/,0,0,0,0.26,439000000,"26,19,26,26,34,34,100,19,26,19,34,26",2025-10-28,"Knowledge panel, Sitelinks, Video, Image, People also ask, Related searches, AI overview",navigational,Organic
rent computer,21,21,90,21,1.45,https://meetingtomorrow.com/ottawa/computer-rentals/,0,0,0,0.26,439000000,"26,19,26,26,34,34,100,19,26,19,34,26",2025-10-28,"Knowledge panel, Sitelinks, Video, Image, People also ask, Related searches, AI overview",navigational,Organic
earliest laptops,75,75,170,64,0,https://meetingtomorrow.com/blog/who-invented-the-laptop-computer/,0,0,0,0,2810000,"53,53,80,53,65,53,53,53,53,80,53,53",2025-08-25,"Knowledge panel, Sitelinks, Video, People also ask, Popular products, Related searches, AI overview","informational, transactional",Organic
av rental,23,23,110,33,2.19,https://meetingtomorrow.com/montreal/audio-visual-rentals/,0,0,0,0.17,316000000,"19,19,53,19,80,19,65,42,42,42,26,42",2025-08-29,"Local pack, Sitelinks, Image, People also ask, Related searches",commercial,Organic
av rental,29,29,110,33,2.19,https://meetingtomorrow.com/ottawa/audio-visual-rentals/,0,0,0,0.17,316000000,"19,19,53,19,80,19,65,42,42,42,26,42",2025-08-29,"Local pack, Sitelinks, Image, People also ask, Related searches",commercial,Organic
calgary av rentals,79,79,70,26,3.41,https://meetingtomorrow.com/calgary/monitor-rentals/,0,0,0,0.2,231000,"2,5,9,100,2,2,0,0,0,0,0,0",2025-08-30,"Local pack, Image pack, Sitelinks, Video, Image, Related searches",commercial,Organic
computer to tv hook up,76,76,50,43,0,https://meetingtomorrow.com/blog/how-to-connect-a-laptop-to-a-tv/,0,0,0,0.21,55300000,"23,33,33,9,0,52,52,9,52,9,9,9",2025-08-21,"Image pack, Sitelinks, Video, Related searches, AI overview",informational,Organic
av companies near me,44,44,50,47,3.14,https://meetingtomorrow.com/calgary/audio-visual-rentals/,0,0,0,0.49,516000000,"35,50,35,28,28,35,28,28,50,50,28,64",2025-08-19,"Local pack, Sitelinks, Related searches",transactional,Organic
laptop rentals,13,13,90,12,1.31,https://meetingtomorrow.com/montreal/computer-rentals/,0,0,0,0.22,285000000,"12,17,12,17,12,28,100,10,12,12,43,23",2025-09-09,"Local pack, Image pack, Sitelinks, Video, Image, Related searches",commercial,Organic
laptop rentals,23,23,90,12,1.31,https://meetingtomorrow.com/ottawa/computer-rentals/,0,0,0,0.22,285000000,"12,17,12,17,12,28,100,10,12,12,43,23",2025-09-09,"Local pack, Image pack, Sitelinks, Video, Image, Related searches",commercial,Organic
laptop rentals,98,98,90,12,1.31,https://meetingtomorrow.com/ottawa/computer-rentals/,0,0,0,0.22,285000000,"12,17,12,17,12,28,100,10,12,12,43,23",2025-09-09,"Local pack, Image pack, Sitelinks, Video, Image, Related searches",commercial,Image pack
how do i hook up pc to tv,48,48,140,45,0,https://meetingtomorrow.com/blog/how-to-connect-a-laptop-to-a-tv/,0,0,0,0.03,866000000,"100,100,78,100,100,100,100,100,100,100,100,100",2025-09-03,"Sitelinks, Video, Featured snippet, People also ask, Related searches, Discussions and forums",informational,Organic
how to know the temperature of laptop,46,46,110,42,0,https://meetingtomorrow.com/blog/how-can-i-monitor-my-laptop-temperature/,0,0,0,0,89800000,"100,100,78,64,64,100,78,64,78,78,78,78",2025-09-04,"Image pack, Sitelinks, Video, People also ask, Related searches, AI overview",informational,Organic
how to know the temperature of laptop,59,59,110,42,0,https://meetingtomorrow.com/blog/how-to-determine-laptop-temperature/,0,0,0,0,89800000,"100,100,78,64,64,100,78,64,78,78,78,78",2025-09-04,"Image pack, Sitelinks, Video, People also ask, Related searches, AI overview",informational,Organic
computer rentals,11,11,50,9,1.5,https://meetingtomorrow.com/toronto/computer-rentals/,0,0,0,0.3,554000000,"23,19,19,4,23,14,42,19,19,19,14,42",2025-09-01,"Local pack, Image pack, Sitelinks, Image, People also ask, Related searches",commercial,Organic
computer rentals,16,16,50,9,1.5,https://meetingtomorrow.com/ottawa/computer-rentals/,0,0,0,0.3,554000000,"23,19,19,4,23,14,42,19,19,19,14,42",2025-09-01,"Local pack, Image pack, Sitelinks, Image, People also ask, Related searches",commercial,Organic
computer rentals,73,73,50,9,1.5,https://meetingtomorrow.com/montreal/computer-rentals/,0,0,0,0.3,554000000,"23,19,19,4,23,14,42,19,19,19,14,42",2025-09-01,"Local pack, Image pack, Sitelinks, Image, People also ask, Related searches",commercial,Image pack
feedback on microphone,27,27,50,27,0,https://meetingtomorrow.com/blog/prevent-microphone-feedback/,0,0,0,0.02,343000000,"45,63,45,0,63,63,63,18,100,100,18,18",2025-09-03,"Sitelinks, Video, Featured snippet, Related searches, Discussions and forums",informational,Organic
ipad rental,11,11,140,14,3.82,https://meetingtomorrow.com/toronto/ipad-rentals/,0,0,0,0.21,128000000,"42,34,34,42,42,26,100,42,80,80,65,26",2025-08-20,"Image pack, Sitelinks, Video, People also ask, Related searches, AI overview",informational,Organic
ipad rental,19,19,140,14,3.82,https://meetingtomorrow.com/montreal/ipad-rentals/,0,0,0,0.21,128000000,"42,34,34,42,42,26,100,42,80,80,65,26",2025-08-20,"Image pack, Sitelinks, Video, People also ask, Related searches, AI overview",informational,Organic
audio visual companies,49,49,70,53,3.49,https://meetingtomorrow.com/ottawa/audio-visual-rentals/,0,0,0,0.18,329000000,"42,65,26,42,34,34,42,15,15,15,26,15",2025-08-26,"Local pack, Sitelinks, Image, Related searches",commercial,Organic
audio visual companies,78,78,70,53,3.49,https://meetingtomorrow.com/calgary/audio-visual-rentals/,0,0,0,0.18,329000000,"42,65,26,42,34,34,42,15,15,15,26,15",2025-08-26,"Local pack, Sitelinks, Image, Related searches",commercial,Organic
how to connect computer and tv,59,59,110,40,0,https://meetingtomorrow.com/blog/how-to-connect-a-laptop-to-a-tv/,0,0,0,0.05,494000000,"64,78,78,78,100,100,100,78,64,78,64,78",2025-09-09,"Sitelinks, Video, People also ask, Related searches, Discussions and forums, AI overview",informational,Organic
hp laptop rent,10,10,70,14,0,https://meetingtomorrow.com/laptop-computer-rentals/hp/,0,0,0,0,6750000,"14,14,14,14,14,78,78,78,78,100,100,64",2025-09-02,"Image pack, Sitelinks, Image, Related searches",commercial,Organic
mac computer hdmi,54,54,70,33,0.38,https://meetingtomorrow.com/blog/how-to-connect-a-mac-to-a-projector/,0,0,0,0.94,31200000,"33,42,42,42,42,42,33,33,42,33,33,42",2025-08-31,"Image pack, Sitelinks, Video, Popular products, Related searches, AI overview","informational, transactional",Organic
walkin music,37,37,110,36,0,https://meetingtomorrow.com/blog/corporate-event-walk-on-songs/,0,0,0,0.01,810000000,"52,52,42,33,52,52,66,66,66,66,66,66",2025-10-22,"Image pack, Sitelinks, Video, Video Carousel, People also ask, Related searches","informational, transactional",Organic
how to hook up laptop to projector,26,26,70,35,0,https://meetingtomorrow.com/blog/how-to-connect-a-laptop-to-a-projector/,0,0,0,0.01,37900000,"35,50,50,14,78,14,14,14,14,78,78,78",2025-08-23,"Image pack, Video, Featured snippet, Related searches, Discussions and forums",informational,Organic
event services montreal,78,78,70,35,0,https://meetingtomorrow.com/montreal/event-productions/,0,0,0,0,197000000,"7,7,7,7,7,100,100,100,100,100,7,7",2025-09-01,"Local pack, Related searches",commercial,Organic
define tablet computer,94,94,320,62,0,https://meetingtomorrow.com/blog/understanding-tablet-pcs/,0,0,0,0.01,182000000,"14,14,17,14,14,14,14,21,100,21,88,21",2025-09-04,"Instant answer, Knowledge panel, Sitelinks, Video, People also ask, Related searches, Discussions and forums",informational,Organic
what are computer tablets,26,26,110,45,0,https://meetingtomorrow.com/blog/understanding-tablet-pcs/,0,0,0,0.03,297000000,"78,78,100,78,100,100,78,78,100,78,100,78",2025-09-03,"Knowledge panel, Sitelinks, Video, Video Carousel, Related searches, AI overview",informational,Organic
1st laptop,33,33,140,54,0,https://meetingtomorrow.com/blog/who-invented-the-laptop-computer/,0,0,0,0,685000000,"66,66,100,66,80,80,52,66,66,100,66,66",2025-08-23,"Sitelinks, Video, People also ask, Related searches, AI overview",informational,Organic
av companies,68,68,90,49,3.49,https://meetingtomorrow.com/calgary/audio-visual-rentals/,0,0,0,0.18,650000000,"17,17,53,17,43,7,10,10,10,82,7,12",2025-09-02,"Local pack, Sitelinks, Image, People also ask, Related searches",commercial,Organic
how to connect laptop computer to tv,55,55,390,46,0,https://meetingtomorrow.com/blog/how-to-connect-a-laptop-to-a-tv/,0,0,0,0.01,295000000,"81,66,66,81,81,100,81,66,66,44,54,35",2025-09-01,"Video, Related searches, AI overview",informational,Organic
how to connect the laptop to the tv with hdmi,43,43,70,48,0,https://meetingtomorrow.com/blog/how-to-connect-a-laptop-to-a-tv/,0,0,0,0.01,30700000,"45,63,63,81,63,81,81,18,81,63,63,81",2025-08-22,"Video, Featured snippet, People also ask, Related searches",informational,Organic
what is pc tablet,22,22,110,39,0,https://meetingtomorrow.com/blog/understanding-tablet-pcs/,0,0,0,0.03,1100000000,"64,64,82,64,100,82,64,64,82,64,82,64",2025-09-05,"Knowledge panel, Sitelinks, Video, Video Carousel, People also ask, Popular products, Related searches, AI overview",informational,Organic
audio visual production companies,40,40,50,50,1.93,https://meetingtomorrow.com/ottawa/audio-visual-rentals/,0,0,0,0.15,152000000,"18,18,100,18,18,18,18,18,100,100,100,100",2025-08-17,"Local pack, Image pack, Sitelinks, Image, People also ask, Related searches",commercial,Organic
audio visual production companies,59,59,50,50,1.93,https://meetingtomorrow.com/calgary/audio-visual-rentals/,0,0,0,0.15,152000000,"18,18,100,18,18,18,18,18,100,100,100,100",2025-08-17,"Local pack, Image pack, Sitelinks, Image, People also ask, Related searches",commercial,Organic
led video wall rental near me,49,49,50,3,2.53,https://meetingtomorrow.com/calgary/monitor-rentals/,0,0,0,0.21,86100000,"14,14,14,14,14,14,50,78,100,64,35,50",2025-08-23,"Local pack, Image pack, Video, People also ask, Popular products, Related searches",transactional,Organic
how to connect a projector to a laptop,36,36,50,28,0,https://meetingtomorrow.com/blog/how-to-connect-a-laptop-to-a-projector/,0,0,0,0,52800000,"55,55,55,77,55,77,100,0,33,22,33,77",2025-08-22,"Image pack, Video, Featured snippet, People also ask, Related searches, Discussions and forums",informational,Organic
how to connect a projector to a laptop,57,57,50,28,0,https://meetingtomorrow.com/blog/how-to-connect-a-laptop-to-a-projector/,0,0,0,0,52800000,"55,55,55,77,55,77,100,0,33,22,33,77",2025-08-22,"Image pack, Video, Featured snippet, People also ask, Related searches, Discussions and forums",informational,Image pack
pasadena tv,48,48,50,26,0,https://meetingtomorrow.com/pasadena/monitor-rentals/,0,0,0,0,24800000,"9,9,9,14,19,14,19,9,100,23,9,23",2025-08-24,"Image pack, Sitelinks, Video, Image, People also ask, Related searches","commercial, informational",Organic
led wall on rent,85,85,70,5,2.09,https://meetingtomorrow.com/montreal/monitor-rentals/,0,0,0,0.47,61000000,"9,9,9,9,9,9,52,100,33,42,52,9",2025-08-30,"Local pack, Image pack, Video, Image, People also ask, Popular products, Related searches, AI overview",commercial,Organic
how to project from laptop to tv,54,54,50,42,0,https://meetingtomorrow.com/blog/how-to-connect-a-laptop-to-a-tv/,0,0,0,0.02,301000000,"18,18,18,18,18,100,100,100,100,18,63,18",2025-09-02,"Sitelinks, Video, Related searches, AI overview",informational,Organic
led wall for parades,74,74,70,13,0,https://meetingtomorrow.com/blog/led-video-wall-info/,0,0,0,0,18100000,"28,78,100,64,28,28",2025-08-19,"Image pack, Sitelinks, Video, Image, Video Carousel, People also ask, Popular products, Related searches, Discussions and forums",commercial,Organic
amp and mixer,48,48,140,15,0.33,https://meetingtomorrow.com/blog/av-basics-mixers-and-amplifiers/,0,0,0,1,20800000,"82,82,64,64,82,82,82,82,82,64,64,64",2025-09-04,"Image pack, Sitelinks, Video, Image, People also ask, Popular products, Related searches","commercial, informational",Organic
used ipads for sell,51,51,140,40,0.21,https://meetingtomorrow.com/bulk-wholesale-refurbished/buy-ipads/,0,0,0,1,22500000,"0,0,0,0,0,0,0,66,100,66,54,43",2025-08-25,"Local pack, Image pack, Sitelinks, Video, Image, Video Carousel, People also ask, Popular products, Related searches, Discussions and forums",commercial,Organic
pantallas en toronto,20,20,50,19,0,https://meetingtomorrow.com/toronto/monitor-rentals/,0,0,0,0,7280000,"11,11,64,64,64,64,11,11,11,11,11,11",2025-08-22,"Image pack, Image, People also ask, Popular products, Related searches",commercial,Organic
led screen rental,64,64,140,13,2.18,https://meetingtomorrow.com/toronto/monitor-rentals/,0,0,0,0.53,70500000,"26,42,42,42,42,42,53,100,53,100,100,65",2025-08-21,"Local pack, Image pack, Sitelinks, Video, People also ask, Popular products, Related searches",commercial,Organic
led screen rental,79,79,140,13,2.18,https://meetingtomorrow.com/montreal/monitor-rentals/,0,0,0,0.53,70500000,"26,42,42,42,42,42,53,100,53,100,100,65",2025-08-21,"Local pack, Image pack, Sitelinks, Video, People also ask, Popular products, Related searches",commercial,Organic
event companies montreal,16,16,260,23,1.54,https://meetingtomorrow.com/montreal/event-productions/,0,0,0,0.37,24900000,"66,66,53,82,53,82,100,82,66,100,66,35",2025-09-04,"Local pack, Related searches",commercial,Organic
how do you connect a computer to a tv,46,46,140,46,0,https://meetingtomorrow.com/blog/how-to-connect-a-laptop-to-a-tv/,0,0,0,0.03,1060000000,"82,82,64,82,82,100,82,82,82,82,82,82",2025-09-10,"Image pack, Sitelinks, Video, People also ask, Related searches, Discussions and forums, AI overview",informational,Organic
mac rentals,51,51,50,15,1.22,https://meetingtomorrow.com/montreal/computer-rentals/,0,0,0,0.16,84000000,"11,0,0,0,5,23,100,82,82,5,11,5",2025-08-30,"Local pack, Image pack, Sitelinks, Related searches",navigational,Organic
mac rentals,75,75,50,15,1.22,https://meetingtomorrow.com/ottawa/computer-rentals/,0,0,0,0.16,84000000,"11,0,0,0,5,23,100,82,82,5,11,5",2025-08-30,"Local pack, Image pack, Sitelinks, Related searches",navigational,Organic
av equipment suppliers,69,69,320,54,3.48,https://meetingtomorrow.com/ottawa/audio-visual-rentals/,0,0,0,0.04,34800000,"100,81,54,29,81,66,54,23,29,19,19,19",2025-09-05,"Local pack, Sitelinks, Image, People also ask, Related searches",commercial,Organic
projector projecting,38,38,480,48,0.44,https://meetingtomorrow.com/blog/9-cool-creative-ways-to-use-a-projector/,0,0,0,1,2370000,"48,26,39,32,0,72,100,26,59,88,88,39",2025-09-03,"Image pack, Sitelinks, Video, Image, Video Carousel, People also ask, Popular products, Related searches","commercial, informational",Organic
gaming laptop rental,34,34,70,9,0,https://meetingtomorrow.com/toronto/computer-rentals/,0,0,0,0.05,23200000,"14,50,50,50,35,78,100,50,50,78,64,35",2025-08-22,"Local pack, Image pack, Sitelinks, Image, People also ask, Related searches, AI overview",informational,Organic
gaming laptop rental,48,48,70,9,0,https://meetingtomorrow.com/calgary/computer-rentals/,0,0,0,0.05,23200000,"14,50,50,50,35,78,100,50,50,78,64,35",2025-08-22,"Local pack, Image pack, Sitelinks, Image, People also ask, Related searches, AI overview",informational,Organic
laptop hire,17,17,50,19,0,https://meetingtomorrow.com/montreal/computer-rentals/,0,0,0,0,156000000,"9,9,100,9,9,9,9,9,52,52,52,9",2025-08-23,"Local pack, Sitelinks, Video, Image, People also ask, Related searches",commercial,Organic
laptop hire,28,28,50,19,0,https://meetingtomorrow.com/ottawa/computer-rentals/,0,0,0,0,156000000,"9,9,100,9,9,9,9,9,52,52,52,9",2025-08-23,"Local pack, Sitelinks, Video, Image, People also ask, Related searches",commercial,Organic
audio visual service,61,61,50,28,2.28,https://meetingtomorrow.com/ottawa/audio-visual-rentals/,0,0,0,0.12,471000000,"28,28,28,28,28,0,35,35,50,78,100,50",2025-08-19,"Local pack, Sitelinks, Image, People also ask, Related searches",commercial,Organic
audio visual service,84,84,50,28,2.28,https://meetingtomorrow.com/montreal/audio-visual-rentals/,0,0,0,0.12,471000000,"28,28,28,28,28,0,35,35,50,78,100,50",2025-08-19,"Local pack, Sitelinks, Image, People also ask, Related searches",commercial,Organic
ipad hire,15,15,70,14,0,https://meetingtomorrow.com/vancouver/ipad-rentals/,0,0,0,0,44200000,"7,7,7,7,7,7,42,7,42,42,42,53",2025-08-20,"Image pack, Video, People also ask, Related searches",informational,Organic
ipad hire,25,25,70,14,0,https://meetingtomorrow.com/montreal/ipad-rentals/,0,0,0,0,44200000,"7,7,7,7,7,7,42,7,42,42,42,53",2025-08-20,"Image pack, Video, People also ask, Related searches",informational,Organic
projector rental ottawa,21,21,70,13,1.02,https://meetingtomorrow.com/ottawa/audio-visual-rentals/,0,0,0,0.29,79,"17,64,23,23,17,11,17,64,64,23,64,100",2025-08-26,"Local pack, Image pack, Sitelinks, Related searches",commercial,Organic
projector rental ottawa,26,26,70,13,1.02,https://meetingtomorrow.com/ottawa/monitor-rentals/,0,0,0,0.29,79,"17,64,23,23,17,11,17,64,64,23,64,100",2025-08-26,"Local pack, Image pack, Sitelinks, Related searches",commercial,Organic
macbook ottawa,52,52,170,49,1.43,https://meetingtomorrow.com/ottawa/computer-rentals/,0,0,0,0.14,368000,"29,29,22,22,29,22,22,29,100,22,29,29",2025-08-27,"Local pack, Image pack, Sitelinks, Image, Popular products, Related searches",commercial,Organic
montreal production companies,59,59,70,23,2.26,https://meetingtomorrow.com/montreal/event-productions/,0,0,0,0.45,101000000,"52,41,41,52,52,29,52,41,41,52,52,11",2025-08-20,"Carousel, Image pack, Video, Image, People also ask, Related searches","commercial, informational",Organic
vancouver laptop inc,58,58,110,23,0.57,https://meetingtomorrow.com/vancouver/computer-rentals/,0,0,0,1,41100000,"10,10,6,10,8,8,13,8,8,8,10,8",2025-08-20,"Local pack, Image pack, Image, Related searches",commercial,Organic
how do i hook up my laptop to tv,82,82,50,43,0,https://meetingtomorrow.com/blog/how-to-connect-a-laptop-to-a-tv/,0,0,0,0.02,336000000,"100,63,63,63,0,63,63,63,63,63,63,18",2025-08-26,"Video, Related searches, Discussions and forums, AI overview",informational,Organic
laptop rental,28,28,210,15,1.31,https://meetingtomorrow.com/calgary/computer-rentals/,0,0,0,0.22,479000000,"43,35,54,43,43,54,43,81,35,43,29,43",2025-08-19,"Local pack, Image pack, Sitelinks, Video, Image, People also ask, Related searches",commercial,Organic
laptop rental,39,39,210,15,1.31,https://meetingtomorrow.com/montreal/computer-rentals/,0,0,0,0.22,479000000,"43,35,54,43,43,54,43,81,35,43,29,43",2025-08-19,"Local pack, Image pack, Sitelinks, Video, Image, People also ask, Related searches",commercial,Organic
laptop rental,97,97,210,15,1.31,https://meetingtomorrow.com/ottawa/computer-rentals/,0,0,0,0.22,479000000,"43,35,54,43,43,54,43,81,35,43,29,43",2025-08-19,"Local pack, Image pack, Sitelinks, Video, Image, People also ask, Related searches",commercial,Image pack
laptop rental,97,97,210,15,1.31,https://meetingtomorrow.com/ottawa/computer-rentals/,0,0,0,0.22,479000000,"43,35,54,43,43,54,43,81,35,43,29,43",2025-08-19,"Local pack, Image pack, Sitelinks, Video, Image, People also ask, Related searches",commercial,Image pack
how to lock an ipad app,45,45,140,34,0,https://meetingtomorrow.com/blog/lock-ipad-to-one-app-in-kiosk-mode/,0,0,0,0.01,111000000,"66,66,66,66,66,52,66,52,66,66,52,52",2025-09-04,"Sitelinks, Video, Related searches, Discussions and forums, AI overview",informational,Organic
chair of meeting,91,91,90,17,6.72,https://meetingtomorrow.com/blog/how-to-chair-a-successful-meeting/,0,0,0,0.81,449000000,"66,52,66,66,66,0,0,0,19,19,4,100",2025-09-01,"Image pack, Video, People also ask, Related searches, AI overview",informational,Image pack
projector setup,1,1,50,32,0.32,https://meetingtomorrow.com/blog/how-to-connect-a-laptop-to-a-projector/,0,0,0,0.81,77300000,"11,11,64,64,11,41,29,11,11,11,64,11",2025-10-17,"Image pack, Sitelinks, Video, Video Carousel, People also ask, Related searches, AI overview",informational,People also ask
projector to screen,74,74,260,35,0.73,https://meetingtomorrow.com/blog/how-to-choose-a-projector-screen/,0,0,0,1,172000000,"100,59,59,72,0,0,0,0,0,0,0,0",2025-08-25,"Image pack, Sitelinks, Video, Image, People also ask, Related searches",commercial,Organic
how do i connect a laptop to my tv,76,76,70,37,0,https://meetingtomorrow.com/blog/how-to-connect-a-laptop-to-a-tv/,0,0,0,0.02,252000000,"100,100,71,71,100,71,100,71,100,100,100,28",2025-08-27,"Sitelinks, Video, Related searches, Discussions and forums, AI overview",informational,Organic
what are tablet pcs,16,16,110,40,0,https://meetingtomorrow.com/blog/understanding-tablet-pcs/,0,0,0,0.03,1800000000,"52,42,52,52,66,66,52,52,66,52,66,52",2025-09-07,"Instant answer, Knowledge panel, Sitelinks, Video, People also ask, Popular products, Related searches, AI overview",informational,Organic
how do i hook up my laptop to the tv,80,80,50,46,0,https://meetingtomorrow.com/blog/how-to-connect-a-laptop-to-a-tv/,0,0,0,0.02,329000000,"100,63,63,63,0,63,63,63,63,63,63,18",2025-08-26,"Video, Related searches, Discussions and forums, AI overview",informational,Organic
run of show template,32,32,90,22,1.12,https://meetingtomorrow.com/event-run-of-show-template/,0,0,0,0.08,439000000,"7,7,15,12,12,4,10,10,12,10,12,10",2025-08-28,"Image pack, Video, Image, Related searches",informational,Organic
tvs montreal,82,82,260,41,0.99,https://meetingtomorrow.com/montreal/monitor-rentals/,0,0,0,0.18,129000000,"54,54,54,54,54,54,66,43,43,35,66,66",2025-08-29,"Local pack, Image pack, Video, Image, Popular products, Related searches",commercial,Organic
led wall rental cost,75,75,50,3,0,https://meetingtomorrow.com/montreal/monitor-rentals/,0,0,0,0,47300000,"14,0,14,14,14,14,50,78,100,64,35,28",2025-08-21,"Image pack, Sitelinks, Video, People also ask, Popular products, Related searches","informational, transactional",Organic
toronto av,14,14,50,50,1.95,https://meetingtomorrow.com/toronto/audio-visual-rentals/,0,0,0,0.35,280000000,"63,45,45,36,45,36,27,45,81,63,63,45",2025-08-26,"Knowledge panel, Image pack, Sitelinks, People also ask, Related searches",informational,Organic
120 inch screen measurements,61,61,70,10,0,https://meetingtomorrow.com/blog/how-to-choose-a-projector-screen/,0,0,0,0.5,23700000,"63,63,63,100,81,81,63,63,63,36,45,18",2025-09-08,"Image pack, Sitelinks, Video, People also ask, Popular products, Related searches, Discussions and forums, AI overview","commercial, informational",Organic
connector from laptop to tv,25,25,140,42,0,https://meetingtomorrow.com/blog/how-to-connect-a-laptop-to-a-tv/,0,0,0,0.22,311000000,"80,80,80,0,0,100,80,100,80,66,66,66",2025-08-25,"Video, People also ask, Related searches, Discussions and forums, AI overview",informational,Organic
how to check laptop heat,47,47,110,41,0,https://meetingtomorrow.com/blog/how-can-i-monitor-my-laptop-temperature/,0,0,0,0,245000000,"82,82,100,52,52,82,64,52,64,64,52,64",2025-08-30,"Image pack, Sitelinks, Video, FAQ, Related searches, AI overview",informational,Organic
how do you do a conference call,70,70,50,31,0,https://meetingtomorrow.com/blog/how-to-make-a-conference-call/,0,0,0,0.01,1110000000,"15,26,26,26,26,26,26,7,26,26,7,7",2025-08-15,"Image pack, Video, Related searches, AI overview",informational,Organic
notebook to tv hdmi,50,50,70,47,0.35,https://meetingtomorrow.com/blog/how-to-connect-a-laptop-to-a-tv/,0,0,0,0.89,26200000,"63,63,63,63,63,81,81,63,100,81,81,81",2025-09-09,"Video, People also ask, Related searches, AI overview",informational,Organic
how to monitor temperature on laptop,43,43,110,53,0,https://meetingtomorrow.com/blog/how-can-i-monitor-my-laptop-temperature/,0,0,0,0,77500000,"100,100,78,64,64,100,78,64,78,78,78,78",2025-08-31,"Sitelinks, Video, Related searches, AI overview",informational,Organic
rent a laptop computer,15,15,140,21,1.31,https://meetingtomorrow.com/toronto/computer-rentals/,0,0,0,0.22,65100000,"34,53,42,42,53,65,100,53,42,53,100,42",2025-08-27,"Local pack, Image pack, Sitelinks, Image, People also ask, Related searches",commercial,Organic
rent a laptop computer,24,24,140,21,1.31,https://meetingtomorrow.com/calgary/computer-rentals/,0,0,0,0.22,65100000,"34,53,42,42,53,65,100,53,42,53,100,42",2025-08-27,"Local pack, Image pack, Sitelinks, Image, People also ask, Related searches",commercial,Organic
rent a laptop computer,98,98,140,21,1.31,https://meetingtomorrow.com/laptop-computer-rentals/,0,0,0,0.22,65100000,"34,53,42,42,53,65,100,53,42,53,100,42",2025-08-27,"Local pack, Image pack, Sitelinks, Image, People also ask, Related searches",commercial,Image pack
when were laptops invented,14,14,90,65,0,https://meetingtomorrow.com/blog/who-invented-the-laptop-computer/,0,0,0,0,5660000,"35,35,64,64,50,64,64,78,64,78,100,64",2025-08-26,"Sitelinks, Video, People also ask, Related searches, AI overview",informational,Organic
screen of projector,96,96,210,26,0.73,https://meetingtomorrow.com/blog/how-to-choose-a-projector-screen/,0,0,0,1,166000000,"43,43,43,53,53,100,100,35,35,53,100,43",2025-09-09,"Image pack, Sitelinks, Video, Image, People also ask, Popular products, Related searches","commercial, informational",Organic
rent cpu,77,77,170,21,1.45,https://meetingtomorrow.com/toronto/computer-rentals/,0,0,0,0.26,12700000,"80,53,65,65,80,80,100,80,65,53,53,53",2025-10-21,"Sitelinks, Video, Ads top, Ads bottom, People also ask, Related searches",commercial,Organic
how do you connect your computer to the tv,57,57,110,32,0,https://meetingtomorrow.com/blog/how-to-connect-a-laptop-to-a-tv/,0,0,0,0.05,419000000,"78,64,78,100,100,100,100,78,78,78,78,78",2025-08-18,"Sitelinks, Video, People also ask, Related searches, AI overview",informational,Organic
120 inch screen dimensions,83,83,70,14,0,https://meetingtomorrow.com/blog/how-to-choose-a-projector-screen/,0,0,0,0.5,95400000,"63,63,63,100,81,81,63,63,63,36,45,18",2025-08-22,"Image pack, Sitelinks, Video, Image, People also ask, Popular products, Related searches, AI overview","commercial, informational",Organic